precision,recall,f1,hub_recovery,kendall_tau,density_true,density_pred,N,T,density,T_N,trial,method
0.014925373134328358,0.05555555555555555,0.023529411764705882,0.0,-0.0809278975440517,0.020689655172413793,0.07701149425287357,30,60,0.02,2.0,0,OLS
0.0,0.0,0.0,0.4,0.17030230861122395,0.020689655172413793,0.008045977011494253,30,60,0.02,2.0,0,LASSO
0.07317073170731707,0.3333333333333333,0.12,0.2,0.1720233816667518,0.020689655172413793,0.09425287356321839,30,60,0.02,2.0,1,OLS
0.06666666666666667,0.05555555555555555,0.06060606060606061,0.2,0.34387319247666237,0.020689655172413793,0.017241379310344827,30,60,0.02,2.0,1,LASSO
0.1111111111111111,0.5,0.18181818181818182,0.4,0.4644878769723178,0.020689655172413793,0.09310344827586207,30,60,0.02,2.0,2,OLS
0.11764705882352941,0.1111111111111111,0.11428571428571428,0.0,0.0327857838876237,0.020689655172413793,0.01954022988505747,30,60,0.02,2.0,2,LASSO
0.07692307692307693,0.2222222222222222,0.11428571428571428,0.0,0.11682253402630839,0.020689655172413793,0.059770114942528735,30,60,0.02,2.0,3,OLS
0.5,0.05555555555555555,0.1,0.2,0.3125270551058903,0.020689655172413793,0.0022988505747126436,30,60,0.02,2.0,3,LASSO
0.036585365853658534,0.16666666666666666,0.06,0.2,0.022680460581325723,0.020689655172413793,0.09425287356321839,30,60,0.02,2.0,4,OLS
0.09090909090909091,0.05555555555555555,0.06896551724137931,0.4,0.35812672362717146,0.020689655172413793,0.01264367816091954,30,60,0.02,2.0,4,LASSO
0.06153846153846154,0.2222222222222222,0.0963855421686747,0.2,-0.09905360646879091,0.020689655172413793,0.07471264367816093,30,60,0.02,2.0,5,OLS
0.2,0.1111111111111111,0.14285714285714285,0.2,0.3583566001729813,0.020689655172413793,0.011494252873563218,30,60,0.02,2.0,5,LASSO
0.0625,0.2222222222222222,0.0975609756097561,0.2,0.10754495194687823,0.020689655172413793,0.0735632183908046,30,60,0.02,2.0,6,OLS
0.15384615384615385,0.1111111111111111,0.12903225806451613,0.6,0.1517273007591302,0.020689655172413793,0.014942528735632184,30,60,0.02,2.0,6,LASSO
0.08163265306122448,0.2222222222222222,0.11940298507462686,0.6,0.2884146734697787,0.020689655172413793,0.05632183908045977,30,60,0.02,2.0,7,OLS
0.16666666666666666,0.1111111111111111,0.13333333333333333,0.4,0.08423311595321151,0.020689655172413793,0.013793103448275862,30,60,0.02,2.0,7,LASSO
0.18181818181818182,0.35555555555555557,0.24060150375939848,0.0,0.2368320560145721,0.05172413793103448,0.10114942528735632,30,60,0.05,2.0,0,OLS
0.3076923076923077,0.08888888888888889,0.13793103448275862,0.4,0.058194901481596534,0.05172413793103448,0.014942528735632184,30,60,0.05,2.0,0,LASSO
0.12698412698412698,0.17777777777777778,0.14814814814814814,0.0,-0.06521474874896385,0.05172413793103448,0.07241379310344828,30,60,0.05,2.0,1,OLS
0.3333333333333333,0.044444444444444446,0.0784313725490196,0.0,0.12362762394226089,0.05172413793103448,0.006896551724137931,30,60,0.05,2.0,1,LASSO
0.05660377358490566,0.06666666666666667,0.061224489795918366,0.0,-0.1186610757727891,0.05172413793103448,0.06091954022988506,30,60,0.05,2.0,2,OLS
0.0,0.0,0.0,0.0,0.05906745067560106,0.05172413793103448,0.008045977011494253,30,60,0.05,2.0,2,LASSO
0.14754098360655737,0.2,0.16981132075471697,0.2,-0.036730345538080245,0.05172413793103448,0.07011494252873564,30,60,0.05,2.0,3,OLS
0.21428571428571427,0.06666666666666667,0.1016949152542373,0.2,-0.10550633978801464,0.05172413793103448,0.016091954022988506,30,60,0.05,2.0,3,LASSO
0.11594202898550725,0.17777777777777778,0.14035087719298245,0.2,0.0800032484831737,0.05172413793103448,0.07931034482758621,30,60,0.05,2.0,4,OLS
0.14285714285714285,0.044444444444444446,0.06779661016949153,0.0,-0.1944809105531112,0.05172413793103448,0.016091954022988506,30,60,0.05,2.0,4,LASSO
0.08571428571428572,0.13333333333333333,0.10434782608695652,0.2,-0.06591232017341395,0.05172413793103448,0.08045977011494253,30,60,0.05,2.0,5,OLS
0.15384615384615385,0.044444444444444446,0.06896551724137931,0.2,0.2390340505673152,0.05172413793103448,0.014942528735632184,30,60,0.05,2.0,5,LASSO
0.1111111111111111,0.2,0.14285714285714285,0.2,0.15321013988768364,0.05172413793103448,0.09310344827586207,30,60,0.05,2.0,6,OLS
0.0,0.0,0.0,0.0,-0.1708126188560096,0.05172413793103448,0.01264367816091954,30,60,0.05,2.0,6,LASSO
0.10526315789473684,0.13333333333333333,0.11764705882352941,0.2,0.09309980994821827,0.05172413793103448,0.06551724137931035,30,60,0.05,2.0,7,OLS
0.3333333333333333,0.08888888888888889,0.14035087719298245,0.4,-0.03725460762046818,0.05172413793103448,0.013793103448275862,30,60,0.05,2.0,7,LASSO
0.2077922077922078,0.17777777777777778,0.19161676646706588,0.4,0.054979696670478986,0.10344827586206896,0.08850574712643679,30,60,0.1,2.0,0,OLS
0.38461538461538464,0.05555555555555555,0.0970873786407767,0.0,-0.23302069121418523,0.10344827586206896,0.014942528735632184,30,60,0.1,2.0,0,LASSO
0.20588235294117646,0.15555555555555556,0.17721518987341772,0.2,-0.06118264057738429,0.10344827586206896,0.07816091954022988,30,60,0.1,2.0,1,OLS
0.13333333333333333,0.022222222222222223,0.0380952380952381,0.0,-0.22002482939808238,0.10344827586206896,0.017241379310344827,30,60,0.1,2.0,1,LASSO
0.2698412698412698,0.18888888888888888,0.2222222222222222,0.2,0.2670275620300874,0.10344827586206896,0.07241379310344828,30,60,0.1,2.0,2,OLS
0.4166666666666667,0.05555555555555555,0.09803921568627451,0.6,0.4023520119691402,0.10344827586206896,0.013793103448275862,30,60,0.1,2.0,2,LASSO
0.23529411764705882,0.17777777777777778,0.20253164556962025,0.4,0.10804360471324842,0.10344827586206896,0.07816091954022988,30,60,0.1,2.0,3,OLS
0.45454545454545453,0.05555555555555555,0.09900990099009901,0.2,-0.004029507323722851,0.10344827586206896,0.01264367816091954,30,60,0.1,2.0,3,LASSO
0.25757575757575757,0.18888888888888888,0.21794871794871795,0.4,0.4103776475143355,0.10344827586206896,0.07586206896551724,30,60,0.1,2.0,4,OLS
0.35714285714285715,0.05555555555555555,0.09615384615384616,0.6,0.25254829162297887,0.10344827586206896,0.016091954022988506,30,60,0.1,2.0,4,LASSO
0.2033898305084746,0.13333333333333333,0.1610738255033557,0.4,0.3944034234365732,0.10344827586206896,0.067816091954023,30,60,0.1,2.0,5,OLS
0.3,0.03333333333333333,0.06,0.6,0.32603127036745,0.10344827586206896,0.011494252873563218,30,60,0.1,2.0,5,LASSO
0.16901408450704225,0.13333333333333333,0.14906832298136646,0.0,-0.2767216758759452,0.10344827586206896,0.08160919540229886,30,60,0.1,2.0,6,OLS
0.2727272727272727,0.03333333333333333,0.0594059405940594,0.0,-0.1364895556335714,0.10344827586206896,0.01264367816091954,30,60,0.1,2.0,6,LASSO
0.275,0.24444444444444444,0.25882352941176473,0.2,0.04121439069429485,0.10344827586206896,0.09195402298850575,30,60,0.1,2.0,7,OLS
0.42105263157894735,0.08888888888888889,0.14678899082568808,0.0,0.036124453841011366,0.10344827586206896,0.021839080459770115,30,60,0.1,2.0,7,LASSO
0.3,0.16666666666666666,0.21428571428571427,0.2,0.3227693949459028,0.20689655172413793,0.11494252873563218,30,60,0.2,2.0,0,OLS
0.0,0.0,0.0,0.0,-0.19206454453226657,0.20689655172413793,0.009195402298850575,30,60,0.2,2.0,0,LASSO
0.3894736842105263,0.20555555555555555,0.2690909090909091,0.2,0.16905428866790786,0.20689655172413793,0.10919540229885058,30,60,0.2,2.0,1,OLS
0.5263157894736842,0.05555555555555555,0.10050251256281408,0.0,-0.028287065169654468,0.20689655172413793,0.021839080459770115,30,60,0.2,2.0,1,LASSO
0.41304347826086957,0.2111111111111111,0.27941176470588236,0.2,0.14634630010967337,0.20689655172413793,0.10574712643678161,30,60,0.2,2.0,2,OLS
0.7272727272727273,0.044444444444444446,0.08376963350785341,0.0,0.0982526505829515,0.20689655172413793,0.01264367816091954,30,60,0.2,2.0,2,LASSO
0.43037974683544306,0.18888888888888888,0.2625482625482625,0.4,0.09360958149904902,0.20689655172413793,0.09080459770114943,30,60,0.2,2.0,3,OLS
0.6,0.03333333333333333,0.06315789473684211,0.0,-0.19131338305769607,0.20689655172413793,0.011494252873563218,30,60,0.2,2.0,3,LASSO
0.3953488372093023,0.18888888888888888,0.2556390977443609,0.2,-0.14103958570406455,0.20689655172413793,0.09885057471264368,30,60,0.2,2.0,4,OLS
0.42857142857142855,0.05,0.08955223880597014,0.2,-0.009360887034750723,0.20689655172413793,0.02413793103448276,30,60,0.2,2.0,4,LASSO
0.36231884057971014,0.1388888888888889,0.20080321285140562,0.0,-0.02962152426875347,0.20689655172413793,0.07931034482758621,30,60,0.2,2.0,5,OLS
0.6666666666666666,0.044444444444444446,0.08333333333333333,0.4,0.2806281908520108,0.20689655172413793,0.013793103448275862,30,60,0.2,2.0,5,LASSO
0.5166666666666667,0.17222222222222222,0.25833333333333336,0.6,0.038568810286258366,0.20689655172413793,0.06896551724137931,30,60,0.2,2.0,6,OLS
0.6,0.03333333333333333,0.06315789473684211,0.2,-0.2726986627012873,0.20689655172413793,0.011494252873563218,30,60,0.2,2.0,6,LASSO
0.3548387096774194,0.12222222222222222,0.18181818181818182,0.2,0.011276377822107116,0.20689655172413793,0.07126436781609195,30,60,0.2,2.0,7,OLS
0.6428571428571429,0.05,0.09278350515463918,0.0,-0.36597765571301016,0.20689655172413793,0.016091954022988506,30,60,0.2,2.0,7,LASSO
0.06779661016949153,0.4444444444444444,0.11764705882352941,0.4,0.12497432579511605,0.020689655172413793,0.135632183908046,30,250,0.02,8.33,0,OLS
0.4,0.2222222222222222,0.2857142857142857,0.2,0.24565771619654914,0.020689655172413793,0.011494252873563218,30,250,0.02,8.33,0,LASSO
0.12631578947368421,0.6666666666666666,0.21238938053097345,0.0,0.09594904539703504,0.020689655172413793,0.10919540229885058,30,250,0.02,8.33,1,OLS
0.4117647058823529,0.3888888888888889,0.4,0.4,0.35203687461613187,0.020689655172413793,0.01954022988505747,30,250,0.02,8.33,1,LASSO
0.06818181818181818,0.3333333333333333,0.11320754716981132,0.0,0.02602648077579423,0.020689655172413793,0.10114942528735632,30,250,0.02,8.33,2,OLS
0.45454545454545453,0.2777777777777778,0.3448275862068966,0.4,0.2825859328370515,0.020689655172413793,0.01264367816091954,30,250,0.02,8.33,2,LASSO
0.07352941176470588,0.5555555555555556,0.12987012987012986,0.4,0.40361772529266615,0.020689655172413793,0.15632183908045977,30,250,0.02,8.33,3,OLS
0.2777777777777778,0.2777777777777778,0.2777777777777778,0.4,0.5649019553110248,0.020689655172413793,0.020689655172413793,30,250,0.02,8.33,3,LASSO
0.10185185185185185,0.6111111111111112,0.1746031746031746,0.2,-0.08652068708892649,0.020689655172413793,0.12413793103448276,30,250,0.02,8.33,4,OLS
0.45,0.5,0.47368421052631576,0.4,0.2772780497679484,0.020689655172413793,0.022988505747126436,30,250,0.02,8.33,4,LASSO
0.043010752688172046,0.2222222222222222,0.07207207207207207,0.2,0.349697478667513,0.020689655172413793,0.10689655172413794,30,250,0.02,8.33,5,OLS
0.36363636363636365,0.2222222222222222,0.27586206896551724,0.0,0.3885796053393169,0.020689655172413793,0.01264367816091954,30,250,0.02,8.33,5,LASSO
0.07692307692307693,0.6111111111111112,0.13664596273291926,0.2,0.1701034543599429,0.020689655172413793,0.16436781609195403,30,250,0.02,8.33,6,OLS
0.3333333333333333,0.3333333333333333,0.3333333333333333,0.2,0.38169051034528706,0.020689655172413793,0.020689655172413793,30,250,0.02,8.33,6,LASSO
0.057971014492753624,0.4444444444444444,0.10256410256410256,0.4,0.1827599089185592,0.020689655172413793,0.15862068965517243,30,250,0.02,8.33,7,OLS
0.4375,0.3888888888888889,0.4117647058823529,0.2,0.21600691233179367,0.020689655172413793,0.01839080459770115,30,250,0.02,8.33,7,LASSO
0.21428571428571427,0.4666666666666667,0.2937062937062937,0.2,0.10083683467310323,0.05172413793103448,0.11264367816091954,30,250,0.05,8.33,0,OLS
0.5454545454545454,0.26666666666666666,0.3582089552238806,0.0,-0.045509102730910314,0.05172413793103448,0.02528735632183908,30,250,0.05,8.33,0,LASSO
0.18840579710144928,0.5777777777777777,0.28415300546448086,0.2,0.1346428611644238,0.05172413793103448,0.15862068965517243,30,250,0.05,8.33,1,OLS
0.6666666666666666,0.3111111111111111,0.42424242424242425,0.8,0.3404440508283933,0.05172413793103448,0.02413793103448276,30,250,0.05,8.33,1,LASSO
0.21428571428571427,0.5333333333333333,0.3057324840764331,0.6,0.3454829204753422,0.05172413793103448,0.12873563218390804,30,250,0.05,8.33,2,OLS
0.6818181818181818,0.3333333333333333,0.44776119402985076,0.2,0.24200484434684594,0.05172413793103448,0.02528735632183908,30,250,0.05,8.33,2,LASSO
0.205607476635514,0.4888888888888889,0.2894736842105263,0.4,0.38873401616408126,0.05172413793103448,0.12298850574712644,30,250,0.05,8.33,3,OLS
0.7777777777777778,0.3111111111111111,0.4444444444444444,0.6,0.5841375902297733,0.05172413793103448,0.020689655172413793,30,250,0.05,8.33,3,LASSO
0.20175438596491227,0.5111111111111111,0.2893081761006289,0.2,-0.10453061834506619,0.05172413793103448,0.1310344827586207,30,250,0.05,8.33,4,OLS
0.8181818181818182,0.4,0.5373134328358209,0.4,0.3507584434922914,0.05172413793103448,0.02528735632183908,30,250,0.05,8.33,4,LASSO
0.24761904761904763,0.5777777777777777,0.3466666666666667,0.4,0.16214864147598926,0.05172413793103448,0.1206896551724138,30,250,0.05,8.33,5,OLS
0.6,0.2,0.3,0.2,0.37007395546064586,0.05172413793103448,0.017241379310344827,30,250,0.05,8.33,5,LASSO
0.21052631578947367,0.5333333333333333,0.3018867924528302,0.4,0.3842018503168009,0.05172413793103448,0.1310344827586207,30,250,0.05,8.33,6,OLS
0.5925925925925926,0.35555555555555557,0.4444444444444444,0.2,0.18682208542553871,0.05172413793103448,0.03103448275862069,30,250,0.05,8.33,6,LASSO
0.11188811188811189,0.35555555555555557,0.1702127659574468,0.0,0.059801883550329345,0.05172413793103448,0.16436781609195403,30,250,0.05,8.33,7,OLS
0.35294117647058826,0.13333333333333333,0.1935483870967742,0.2,0.08758783990737729,0.05172413793103448,0.01954022988505747,30,250,0.05,8.33,7,LASSO
0.31654676258992803,0.4888888888888889,0.38427947598253276,0.2,0.34924766174807675,0.10344827586206896,0.15977011494252874,30,250,0.1,8.33,0,OLS
0.7567567567567568,0.3111111111111111,0.4409448818897638,0.4,0.28934754703069815,0.10344827586206896,0.04252873563218391,30,250,0.1,8.33,0,LASSO
0.3087248322147651,0.5111111111111111,0.38493723849372385,0.0,0.18862708850127177,0.10344827586206896,0.17126436781609194,30,250,0.1,8.33,1,OLS
0.8709677419354839,0.3,0.4462809917355372,0.2,0.2167380029021741,0.10344827586206896,0.035632183908045977,30,250,0.1,8.33,1,LASSO
0.3055555555555556,0.4888888888888889,0.37606837606837606,0.2,0.17358904565630826,0.10344827586206896,0.16551724137931034,30,250,0.1,8.33,2,OLS
0.8235294117647058,0.3111111111111111,0.45161290322580644,0.4,0.19988989814744992,0.10344827586206896,0.03908045977011494,30,250,0.1,8.33,2,LASSO
0.3333333333333333,0.5222222222222223,0.4069264069264069,0.4,0.3485640552169295,0.10344827586206896,0.16206896551724137,30,250,0.1,8.33,3,OLS
0.8055555555555556,0.32222222222222224,0.4603174603174603,0.0,-0.017563090412570155,0.10344827586206896,0.041379310344827586,30,250,0.1,8.33,3,LASSO
0.29120879120879123,0.5888888888888889,0.3897058823529412,0.4,0.03697653036999314,0.10344827586206896,0.20919540229885059,30,250,0.1,8.33,4,OLS
0.8292682926829268,0.37777777777777777,0.5190839694656488,0.6,0.4244188329621572,0.10344827586206896,0.047126436781609195,30,250,0.1,8.33,4,LASSO
0.2792207792207792,0.4777777777777778,0.3524590163934426,0.2,0.07195064279920542,0.10344827586206896,0.17701149425287357,30,250,0.1,8.33,5,OLS
0.7352941176470589,0.2777777777777778,0.4032258064516129,0.4,0.1938842097771324,0.10344827586206896,0.03908045977011494,30,250,0.1,8.33,5,LASSO
0.2807017543859649,0.5333333333333333,0.367816091954023,0.4,0.02137570873965514,0.10344827586206896,0.19655172413793104,30,250,0.1,8.33,6,OLS
0.6666666666666666,0.3333333333333333,0.4444444444444444,0.4,0.08914268055764603,0.10344827586206896,0.05172413793103448,30,250,0.1,8.33,6,LASSO
0.2831858407079646,0.35555555555555557,0.31527093596059114,0.2,0.16774454839076453,0.10344827586206896,0.12988505747126436,30,250,0.1,8.33,7,OLS
0.7741935483870968,0.26666666666666666,0.39669421487603307,0.2,0.22630682099037852,0.10344827586206896,0.035632183908045977,30,250,0.1,8.33,7,LASSO
0.3249097472924188,0.5,0.3938730853391685,0.0,-0.04752510582777447,0.20689655172413793,0.31839080459770114,30,250,0.2,8.33,0,OLS
0.8450704225352113,0.3333333333333333,0.47808764940239046,0.4,0.2736788268258067,0.20689655172413793,0.08160919540229886,30,250,0.2,8.33,0,LASSO
0.34309623430962344,0.45555555555555555,0.3914081145584726,0.2,-0.024876314602202503,0.20689655172413793,0.2747126436781609,30,250,0.2,8.33,1,OLS
0.8028169014084507,0.31666666666666665,0.4541832669322709,0.4,0.35850364582909083,0.20689655172413793,0.08160919540229886,30,250,0.2,8.33,1,LASSO
0.4817073170731707,0.4388888888888889,0.45930232558139533,0.0,-0.20673560151212048,0.20689655172413793,0.18850574712643678,30,250,0.2,8.33,2,OLS
0.9743589743589743,0.2111111111111111,0.3470319634703196,0.2,0.12215061168144555,0.20689655172413793,0.04482758620689655,30,250,0.2,8.33,2,LASSO
0.39090909090909093,0.4777777777777778,0.43,0.0,-0.05877732444869138,0.20689655172413793,0.25287356321839083,30,250,0.2,8.33,3,OLS
0.8289473684210527,0.35,0.4921875,0.6,0.47153204805450105,0.20689655172413793,0.08735632183908046,30,250,0.2,8.33,3,LASSO
0.3665338645418327,0.5111111111111111,0.42691415313225056,0.2,0.20867185280268055,0.20689655172413793,0.2885057471264368,30,250,0.2,8.33,4,OLS
0.855072463768116,0.3277777777777778,0.4738955823293173,0.0,0.07124630584287642,0.20689655172413793,0.07931034482758621,30,250,0.2,8.33,4,LASSO
0.4887640449438202,0.48333333333333334,0.4860335195530726,0.4,0.23029498744356225,0.20689655172413793,0.2045977011494253,30,250,0.2,8.33,5,OLS
0.9361702127659575,0.24444444444444444,0.3876651982378855,0.6,0.17834425993900763,0.20689655172413793,0.054022988505747126,30,250,0.2,8.33,5,LASSO
0.44502617801047123,0.4722222222222222,0.4582210242587601,0.0,0.06829441862222188,0.20689655172413793,0.21954022988505748,30,250,0.2,8.33,6,OLS
0.8833333333333333,0.29444444444444445,0.44166666666666665,0.2,0.20088078438073018,0.20689655172413793,0.06896551724137931,30,250,0.2,8.33,6,LASSO
0.4236453201970443,0.4777777777777778,0.4490861618798956,0.0,0.15390738494015777,0.20689655172413793,0.23333333333333334,30,250,0.2,8.33,7,OLS
0.8461538461538461,0.3055555555555556,0.4489795918367347,0.4,0.16423266423398164,0.20689655172413793,0.07471264367816093,30,250,0.2,8.33,7,LASSO
0.04455445544554455,0.18,0.07142857142857142,0.0,0.2949287513448455,0.02040816326530612,0.08244897959183674,50,120,0.02,2.4,0,OLS
0.3333333333333333,0.1,0.15384615384615385,0.2,0.14750675156833248,0.02040816326530612,0.006122448979591836,50,120,0.02,2.4,0,LASSO
0.1,0.42,0.16153846153846155,0.0,0.12258193868999774,0.02040816326530612,0.08571428571428572,50,120,0.02,2.4,1,OLS
0.4,0.12,0.18461538461538463,0.6,0.234419148660045,0.02040816326530612,0.006122448979591836,50,120,0.02,2.4,1,LASSO
0.05970149253731343,0.24,0.09561752988047809,0.2,0.11301028696215408,0.02040816326530612,0.08204081632653061,50,120,0.02,2.4,2,OLS
0.4,0.08,0.13333333333333333,0.2,0.21169484970255587,0.02040816326530612,0.004081632653061225,50,120,0.02,2.4,2,LASSO
0.07423580786026202,0.34,0.12186379928315412,0.2,0.18475043013475867,0.02040816326530612,0.09346938775510204,50,120,0.02,2.4,3,OLS
0.25,0.06,0.0967741935483871,0.0,0.0065024062339233074,0.02040816326530612,0.004897959183673469,50,120,0.02,2.4,3,LASSO
0.08050847457627118,0.38,0.13286713286713286,0.0,0.07037866936835561,0.02040816326530612,0.0963265306122449,50,120,0.02,2.4,4,OLS
0.35714285714285715,0.1,0.15625,0.0,0.18561295196763866,0.02040816326530612,0.005714285714285714,50,120,0.02,2.4,4,LASSO
0.08187134502923976,0.28,0.12669683257918551,0.2,0.15531607239725093,0.02040816326530612,0.06979591836734694,50,120,0.02,2.4,5,OLS
0.15789473684210525,0.06,0.08695652173913043,0.0,-0.23352387590871274,0.02040816326530612,0.007755102040816327,50,120,0.02,2.4,5,LASSO
0.06593406593406594,0.36,0.11145510835913312,0.4,0.15383373059307592,0.02040816326530612,0.11142857142857143,50,120,0.02,2.4,6,OLS
0.3333333333333333,0.08,0.12903225806451613,0.0,0.11202069113829805,0.02040816326530612,0.004897959183673469,50,120,0.02,2.4,6,LASSO
0.07142857142857142,0.28,0.11382113821138211,0.0,-0.1273416890754108,0.02040816326530612,0.08,50,120,0.02,2.4,7,OLS
0.4117647058823529,0.14,0.208955223880597,0.2,0.07076775456624293,0.02040816326530612,0.0069387755102040816,50,120,0.02,2.4,7,LASSO
0.14022140221402213,0.304,0.1919191919191919,0.0,0.06811809138354682,0.05102040816326531,0.11061224489795918,50,120,0.05,2.4,0,OLS
0.45,0.072,0.12413793103448276,0.0,-0.06741545335317045,0.05102040816326531,0.00816326530612245,50,120,0.05,2.4,0,LASSO
0.15503875968992248,0.32,0.20887728459530025,0.0,0.11642499640421601,0.05102040816326531,0.10530612244897959,50,120,0.05,2.4,1,OLS
0.5,0.08,0.13793103448275862,0.2,0.229954269198126,0.05102040816326531,0.00816326530612245,50,120,0.05,2.4,1,LASSO
0.17358490566037735,0.368,0.2358974358974359,0.4,0.10291963838041039,0.05102040816326531,0.10816326530612246,50,120,0.05,2.4,2,OLS
0.7037037037037037,0.152,0.25,0.2,0.1142032155084038,0.05102040816326531,0.011020408163265306,50,120,0.05,2.4,2,LASSO
0.2073732718894009,0.36,0.2631578947368421,0.0,0.09653141543835,0.05102040816326531,0.08857142857142856,50,120,0.05,2.4,3,OLS
0.6956521739130435,0.128,0.21621621621621623,0.2,-0.0039276235362012265,0.05102040816326531,0.009387755102040816,50,120,0.05,2.4,3,LASSO
0.17105263157894737,0.312,0.22096317280453256,0.2,0.2131007676209941,0.05102040816326531,0.09306122448979592,50,120,0.05,2.4,4,OLS
0.5882352941176471,0.08,0.14084507042253522,0.2,0.0623504373009441,0.05102040816326531,0.0069387755102040816,50,120,0.05,2.4,4,LASSO
0.1572052401746725,0.288,0.2033898305084746,0.0,0.08513796182725955,0.05102040816326531,0.09346938775510204,50,120,0.05,2.4,5,OLS
0.64,0.128,0.21333333333333335,0.2,0.23137250285395924,0.05102040816326531,0.01020408163265306,50,120,0.05,2.4,5,LASSO
0.16606498194945848,0.368,0.22885572139303484,0.2,0.17801172146183658,0.05102040816326531,0.11306122448979591,50,120,0.05,2.4,6,OLS
0.7307692307692307,0.152,0.25165562913907286,0.2,0.08103522715434901,0.05102040816326531,0.010612244897959184,50,120,0.05,2.4,6,LASSO
0.16964285714285715,0.304,0.2177650429799427,0.2,0.22104874111172745,0.05102040816326531,0.09142857142857143,50,120,0.05,2.4,7,OLS
0.6,0.096,0.16551724137931034,0.0,0.20581457799299893,0.05102040816326531,0.00816326530612245,50,120,0.05,2.4,7,LASSO
0.29044117647058826,0.316,0.30268199233716475,0.4,0.17214918058091938,0.10204081632653061,0.1110204081632653,50,120,0.1,2.4,0,OLS
0.6666666666666666,0.056,0.1033210332103321,0.0,0.01348814262732245,0.10204081632653061,0.008571428571428572,50,120,0.1,2.4,0,LASSO
0.2549800796812749,0.256,0.2554890219560878,0.2,0.06958219318932728,0.10204081632653061,0.10244897959183673,50,120,0.1,2.4,1,OLS
0.6666666666666666,0.104,0.17993079584775087,0.2,0.1350753962874417,0.10204081632653061,0.015918367346938776,50,120,0.1,2.4,1,LASSO
0.2977346278317152,0.368,0.3291592128801431,0.2,0.07007207811639263,0.10204081632653061,0.12612244897959185,50,120,0.1,2.4,2,OLS
0.8108108108108109,0.12,0.20905923344947736,0.0,-0.03238702307281145,0.10204081632653061,0.015102040816326531,50,120,0.1,2.4,2,LASSO
0.27835051546391754,0.324,0.29944547134935307,0.0,0.138754646812397,0.10204081632653061,0.11877551020408163,50,120,0.1,2.4,3,OLS
0.8571428571428571,0.072,0.13284132841328414,0.4,0.15001554763329467,0.10204081632653061,0.008571428571428572,50,120,0.1,2.4,3,LASSO
0.2702702702702703,0.28,0.275049115913556,0.2,0.16196408880507213,0.10204081632653061,0.10571428571428572,50,120,0.1,2.4,4,OLS
0.64,0.064,0.11636363636363636,0.0,0.14307486857561252,0.10204081632653061,0.01020408163265306,50,120,0.1,2.4,4,LASSO
0.23412698412698413,0.236,0.2350597609561753,0.0,-0.026266705447609697,0.10204081632653061,0.10285714285714286,50,120,0.1,2.4,5,OLS
0.5294117647058824,0.036,0.06741573033707865,0.0,0.052894155869314764,0.10204081632653061,0.0069387755102040816,50,120,0.1,2.4,5,LASSO
0.2952755905511811,0.3,0.2976190476190476,0.2,0.16706831878578815,0.10204081632653061,0.1036734693877551,50,120,0.1,2.4,6,OLS
0.75,0.06,0.1111111111111111,0.0,0.09183205516165845,0.10204081632653061,0.00816326530612245,50,120,0.1,2.4,6,LASSO
0.2948207171314741,0.296,0.2954091816367265,0.2,0.35805202954600635,0.10204081632653061,0.10244897959183673,50,120,0.1,2.4,7,OLS
0.7105263157894737,0.108,0.1875,0.2,0.04259417901531948,0.10204081632653061,0.015510204081632653,50,120,0.1,2.4,7,LASSO
0.4105263157894737,0.312,0.35454545454545455,0.2,0.07847588893110198,0.20408163265306123,0.15510204081632653,50,120,0.2,2.4,0,OLS
0.9111111111111111,0.082,0.15045871559633028,0.0,0.21505878401872805,0.20408163265306123,0.018367346938775512,50,120,0.2,2.4,0,LASSO
0.2905982905982906,0.408,0.33943427620632277,0.2,0.18788324723993124,0.20408163265306123,0.28653061224489795,50,120,0.2,2.4,1,OLS
0.8214285714285714,0.092,0.16546762589928057,0.0,0.023997136119500086,0.20408163265306123,0.022857142857142857,50,120,0.2,2.4,1,LASSO
0.3471933471933472,0.334,0.34046890927624873,0.2,0.15645275349336363,0.20408163265306123,0.1963265306122449,50,120,0.2,2.4,2,OLS
0.9024390243902439,0.074,0.1367837338262477,0.4,0.2783648554805533,0.20408163265306123,0.01673469387755102,50,120,0.2,2.4,2,LASSO
0.4393063583815029,0.304,0.35933806146572106,0.4,0.10387331051348991,0.20408163265306123,0.14122448979591837,50,120,0.2,2.4,3,OLS
0.8974358974358975,0.07,0.12987012987012986,0.0,-0.15898871910467977,0.20408163265306123,0.015918367346938776,50,120,0.2,2.4,3,LASSO
0.39509536784741145,0.29,0.3344867358708189,0.2,0.15159389589035827,0.20408163265306123,0.14979591836734693,50,120,0.2,2.4,4,OLS
0.8823529411764706,0.06,0.11235955056179775,0.2,-0.04309300189923783,0.20408163265306123,0.013877551020408163,50,120,0.2,2.4,4,LASSO
0.45051194539249145,0.264,0.3329129886506936,0.0,0.21587046549112593,0.20408163265306123,0.11959183673469388,50,120,0.2,2.4,5,OLS
0.78125,0.05,0.09398496240601503,0.2,0.026798802834888107,0.20408163265306123,0.013061224489795919,50,120,0.2,2.4,5,LASSO
0.43630573248407645,0.274,0.3366093366093366,0.6,0.22651020008506995,0.20408163265306123,0.12816326530612246,50,120,0.2,2.4,6,OLS
0.8333333333333334,0.04,0.07633587786259542,0.0,-0.07914166658749819,0.20408163265306123,0.009795918367346938,50,120,0.2,2.4,6,LASSO
0.3253012048192771,0.324,0.3246492985971944,0.0,-0.02882729404304737,0.20408163265306123,0.20326530612244897,50,120,0.2,2.4,7,OLS
0.8222222222222222,0.074,0.13577981651376148,0.0,-0.05937944589318109,0.20408163265306123,0.018367346938775512,50,120,0.2,2.4,7,LASSO
0.07962529274004684,0.68,0.14255765199161424,0.2,0.027839371733097175,0.02040816326530612,0.1742857142857143,50,500,0.02,10.0,0,OLS
0.7,0.56,0.6222222222222222,0.4,0.3715948509178423,0.02040816326530612,0.0163265306122449,50,500,0.02,10.0,0,LASSO
0.08470588235294117,0.72,0.15157894736842106,0.2,0.16592630298942965,0.02040816326530612,0.17346938775510204,50,500,0.02,10.0,1,OLS
0.6666666666666666,0.44,0.5301204819277109,0.0,0.3699054674724961,0.02040816326530612,0.013469387755102041,50,500,0.02,10.0,1,LASSO
0.058333333333333334,0.56,0.10566037735849057,0.0,0.07629968329356468,0.02040816326530612,0.19591836734693877,50,500,0.02,10.0,2,OLS
0.6,0.48,0.5333333333333333,0.2,0.4784004499084759,0.02040816326530612,0.0163265306122449,50,500,0.02,10.0,2,LASSO
0.07425742574257425,0.6,0.13215859030837004,0.2,0.23693854193269281,0.02040816326530612,0.16489795918367348,50,500,0.02,10.0,3,OLS
0.5483870967741935,0.34,0.41975308641975306,0.2,0.3262738028967024,0.02040816326530612,0.012653061224489797,50,500,0.02,10.0,3,LASSO
0.08333333333333333,0.54,0.1443850267379679,0.0,0.030100062018002617,0.02040816326530612,0.13224489795918368,50,500,0.02,10.0,4,OLS
0.6,0.36,0.45,0.4,0.27720753829948863,0.02040816326530612,0.012244897959183673,50,500,0.02,10.0,4,LASSO
0.07013574660633484,0.62,0.12601626016260162,0.0,-0.05880715393934339,0.02040816326530612,0.18040816326530612,50,500,0.02,10.0,5,OLS
0.5172413793103449,0.3,0.379746835443038,0.4,0.3219906826444245,0.02040816326530612,0.01183673469387755,50,500,0.02,10.0,5,LASSO
0.07637231503579953,0.64,0.13646055437100213,0.0,0.2217440911527061,0.02040816326530612,0.1710204081632653,50,500,0.02,10.0,6,OLS
0.5185185185185185,0.28,0.36363636363636365,0.0,0.26917706380065665,0.02040816326530612,0.011020408163265306,50,500,0.02,10.0,6,LASSO
0.07142857142857142,0.72,0.1299638989169675,0.2,-0.01810769893448433,0.02040816326530612,0.2057142857142857,50,500,0.02,10.0,7,OLS
0.6470588235294118,0.44,0.5238095238095238,0.0,0.33578199836834044,0.02040816326530612,0.013877551020408163,50,500,0.02,10.0,7,LASSO
0.12949640287769784,0.576,0.21145374449339208,0.2,0.24320417460907384,0.05102040816326531,0.22693877551020408,50,500,0.05,10.0,0,OLS
0.7586206896551724,0.352,0.4808743169398907,0.4,0.2871920676944576,0.05102040816326531,0.0236734693877551,50,500,0.05,10.0,0,LASSO
0.15369649805447472,0.632,0.24726134585289514,0.2,0.08259121526308602,0.05102040816326531,0.20979591836734693,50,500,0.05,10.0,1,OLS
0.8333333333333334,0.4,0.5405405405405406,0.2,0.4288965736594347,0.05102040816326531,0.024489795918367346,50,500,0.05,10.0,1,LASSO
0.12885662431941924,0.568,0.21005917159763313,0.4,0.21529284011916616,0.05102040816326531,0.22489795918367347,50,500,0.05,10.0,2,OLS
0.8157894736842105,0.496,0.6169154228855721,0.2,0.5447741292861732,0.05102040816326531,0.031020408163265307,50,500,0.05,10.0,2,LASSO
0.11927877947295423,0.688,0.2033096926713948,0.2,0.09208202054124003,0.05102040816326531,0.29428571428571426,50,500,0.05,10.0,3,OLS
0.6931818181818182,0.488,0.5727699530516432,0.4,0.36922080928046314,0.05102040816326531,0.035918367346938776,50,500,0.05,10.0,3,LASSO
0.17539863325740318,0.616,0.2730496453900709,0.0,0.26407899807081203,0.05102040816326531,0.17918367346938777,50,500,0.05,10.0,4,OLS
0.7037037037037037,0.304,0.4245810055865922,0.2,0.2761983192433175,0.05102040816326531,0.022040816326530613,50,500,0.05,10.0,4,LASSO
0.14,0.616,0.22814814814814816,0.2,0.1586702039938442,0.05102040816326531,0.22448979591836735,50,500,0.05,10.0,5,OLS
0.8979591836734694,0.352,0.5057471264367817,0.2,0.4013841897291485,0.05102040816326531,0.02,50,500,0.05,10.0,5,LASSO
0.17326732673267325,0.56,0.2646502835538752,0.2,0.12924612105594535,0.05102040816326531,0.16489795918367348,50,500,0.05,10.0,6,OLS
0.8103448275862069,0.376,0.5136612021857924,0.0,0.21632815666099814,0.05102040816326531,0.0236734693877551,50,500,0.05,10.0,6,LASSO
0.11156462585034013,0.656,0.19069767441860466,0.4,0.2032960029987507,0.05102040816326531,0.3,50,500,0.05,10.0,7,OLS
0.8311688311688312,0.512,0.6336633663366337,0.6,0.5483381480059958,0.05102040816326531,0.03142857142857143,50,500,0.05,10.0,7,LASSO
0.18494897959183673,0.58,0.2804642166344294,0.2,0.17113359835713943,0.10204081632653061,0.32,50,500,0.1,10.0,0,OLS
0.7718120805369127,0.46,0.5764411027568922,0.6,0.25746313464746934,0.10204081632653061,0.060816326530612246,50,500,0.1,10.0,0,LASSO
0.22325581395348837,0.576,0.3217877094972067,0.0,0.1167656564281806,0.10204081632653061,0.26326530612244897,50,500,0.1,10.0,1,OLS
0.9375,0.42,0.580110497237569,0.4,0.22095863241344202,0.10204081632653061,0.045714285714285714,50,500,0.1,10.0,1,LASSO
0.241852487135506,0.564,0.3385354141656663,0.4,0.16135557988974408,0.10204081632653061,0.23795918367346938,50,500,0.1,10.0,2,OLS
0.9565217391304348,0.352,0.5146198830409356,0.2,0.1737516701438928,0.10204081632653061,0.037551020408163265,50,500,0.1,10.0,2,LASSO
0.12431587177482409,0.636,0.2079790712884238,0.2,-0.05693796948421231,0.10204081632653061,0.5220408163265307,50,500,0.1,10.0,3,OLS
0.6625766871165644,0.432,0.5230024213075061,0.4,0.25470104798142856,0.10204081632653061,0.06653061224489797,50,500,0.1,10.0,3,LASSO
0.17386091127098321,0.58,0.26752767527675275,0.2,0.08605407842396154,0.10204081632653061,0.3404081632653061,50,500,0.1,10.0,4,OLS
0.8582677165354331,0.436,0.5782493368700266,0.2,0.13373708679605187,0.10204081632653061,0.05183673469387755,50,500,0.1,10.0,4,LASSO
0.18445475638051045,0.636,0.28597122302158273,0.2,0.13525048089515307,0.10204081632653061,0.35183673469387755,50,500,0.1,10.0,5,OLS
0.9105691056910569,0.448,0.6005361930294906,0.2,0.28760990906309714,0.10204081632653061,0.05020408163265306,50,500,0.1,10.0,5,LASSO
0.20133333333333334,0.604,0.302,0.0,0.07051997497629472,0.10204081632653061,0.30612244897959184,50,500,0.1,10.0,6,OLS
0.8727272727272727,0.384,0.5333333333333333,0.4,0.28163710375134937,0.10204081632653061,0.044897959183673466,50,500,0.1,10.0,6,LASSO
0.13931297709923665,0.584,0.22496147919876733,0.2,-0.3772060211077618,0.10204081632653061,0.42775510204081635,50,500,0.1,10.0,7,OLS
0.74,0.444,0.555,0.0,0.1941932633100843,0.10204081632653061,0.061224489795918366,50,500,0.1,10.0,7,LASSO
0.30941286113699906,0.664,0.4221233312142403,0.0,0.17848266192003243,0.20408163265306123,0.43795918367346937,50,500,0.2,10.0,0,OLS
0.8509803921568627,0.434,0.5748344370860927,0.6,0.1787567796190844,0.20408163265306123,0.10408163265306122,50,500,0.2,10.0,0,LASSO
0.24486803519061584,0.668,0.3583690987124464,0.0,0.0550475578336947,0.20408163265306123,0.556734693877551,50,500,0.2,10.0,1,OLS
0.8063492063492064,0.508,0.6233128834355828,0.2,0.21447277332394135,0.20408163265306123,0.12857142857142856,50,500,0.2,10.0,1,LASSO
0.29698857736240913,0.572,0.39097744360902253,0.0,-0.08460332198930007,0.20408163265306123,0.3930612244897959,50,500,0.2,10.0,2,OLS
0.9757575757575757,0.322,0.4842105263157895,0.4,-0.060048040594513484,0.20408163265306123,0.0673469387755102,50,500,0.2,10.0,2,LASSO
0.2851919561243144,0.624,0.39146800501882056,0.0,0.09261518232969246,0.20408163265306123,0.446530612244898,50,500,0.2,10.0,3,OLS
0.9260869565217391,0.426,0.5835616438356165,0.4,0.24200447184459,0.20408163265306123,0.09387755102040816,50,500,0.2,10.0,3,LASSO
0.25363489499192243,0.628,0.3613348676639816,0.0,-0.13790304655987198,0.20408163265306123,0.5053061224489795,50,500,0.2,10.0,4,OLS
0.8345323741007195,0.464,0.596401028277635,0.0,-0.0008916651668128121,0.20408163265306123,0.11346938775510204,50,500,0.2,10.0,4,LASSO
0.3248136315228967,0.61,0.42390548992355803,0.2,0.00352046392068998,0.20408163265306123,0.38326530612244897,50,500,0.2,10.0,5,OLS
0.9663461538461539,0.402,0.5677966101694916,0.4,0.19883042947422247,0.20408163265306123,0.08489795918367347,50,500,0.2,10.0,5,LASSO
0.2765957446808511,0.65,0.3880597014925373,0.0,0.0026556597676931455,0.20408163265306123,0.47959183673469385,50,500,0.2,10.0,6,OLS
0.7679180887372014,0.45,0.5674653215636822,0.4,0.1336160054764184,0.20408163265306123,0.11959183673469388,50,500,0.2,10.0,6,LASSO
0.2934898612593383,0.55,0.3827418232428671,0.0,0.07153460275399588,0.20408163265306123,0.3824489795918367,50,500,0.2,10.0,7,OLS
0.9120370370370371,0.394,0.5502793296089385,0.4,0.2209359599809375,0.20408163265306123,0.08816326530612245,50,500,0.2,10.0,7,LASSO
0.0592,0.185,0.08969696969696969,0.0,0.10866950085550511,0.020202020202020204,0.06313131313131314,100,60,0.02,0.6,0,OLS
0.2777777777777778,0.025,0.045871559633027525,0.0,0.10941537074900212,0.020202020202020204,0.0018181818181818182,100,60,0.02,0.6,0,LASSO
0.0661625708884688,0.175,0.09602194787379972,0.0,-0.04939466367246174,0.020202020202020204,0.05343434343434343,100,60,0.02,0.6,1,OLS
0.16666666666666666,0.015,0.027522935779816515,0.2,-0.014218613833236877,0.020202020202020204,0.0018181818181818182,100,60,0.02,0.6,1,LASSO
0.03201219512195122,0.105,0.04906542056074766,0.4,0.032958577041941224,0.020202020202020204,0.06626262626262626,100,60,0.02,0.6,2,OLS
0.15,0.015,0.02727272727272727,0.0,0.143473131352847,0.020202020202020204,0.00202020202020202,100,60,0.02,0.6,2,LASSO
0.04775687409551375,0.165,0.07407407407407407,0.0,0.09633525750233515,0.020202020202020204,0.0697979797979798,100,60,0.02,0.6,3,OLS
0.2,0.02,0.03636363636363636,0.2,0.16935483870967744,0.020202020202020204,0.00202020202020202,100,60,0.02,0.6,3,LASSO
0.055714285714285716,0.195,0.08666666666666667,0.2,0.10553071979577985,0.020202020202020204,0.0707070707070707,100,60,0.02,0.6,4,OLS
0.375,0.045,0.08035714285714286,0.2,0.011073684181054947,0.020202020202020204,0.0024242424242424242,100,60,0.02,0.6,4,LASSO
0.05778894472361809,0.23,0.09236947791164658,0.0,0.1571383658426062,0.020202020202020204,0.08040404040404041,100,60,0.02,0.6,5,OLS
0.19047619047619047,0.02,0.03619909502262444,0.0,-0.04497124065960727,0.020202020202020204,0.0021212121212121214,100,60,0.02,0.6,5,LASSO
0.06270096463022508,0.195,0.0948905109489051,0.0,0.012541352733558936,0.020202020202020204,0.06282828282828283,100,60,0.02,0.6,6,OLS
0.15,0.015,0.02727272727272727,0.0,-0.04630622978923282,0.020202020202020204,0.00202020202020202,100,60,0.02,0.6,6,LASSO
0.06814580031695722,0.215,0.10348977135980746,0.2,0.14446511390967826,0.020202020202020204,0.06373737373737373,100,60,0.02,0.6,7,OLS
0.16666666666666666,0.02,0.03571428571428571,0.0,0.11178365405624344,0.020202020202020204,0.0024242424242424242,100,60,0.02,0.6,7,LASSO
0.1005464480874317,0.184,0.13003533568904593,0.0,0.21005492846379278,0.050505050505050504,0.09242424242424242,100,60,0.05,0.6,0,OLS
0.3333333333333333,0.014,0.026871401151631478,0.0,0.08100661669353058,0.050505050505050504,0.0021212121212121214,100,60,0.05,0.6,0,LASSO
0.10927573062261753,0.172,0.13364413364413363,0.0,0.19323645586013652,0.050505050505050504,0.0794949494949495,100,60,0.05,0.6,1,OLS
0.36,0.018,0.03428571428571429,0.2,0.08605216513474899,0.050505050505050504,0.0025252525252525255,100,60,0.05,0.6,1,LASSO
0.09568733153638814,0.142,0.1143317230273752,0.0,0.1485285963178183,0.050505050505050504,0.07494949494949495,100,60,0.05,0.6,2,OLS
0.2608695652173913,0.012,0.022944550669216062,0.2,0.052853499583682725,0.050505050505050504,0.0023232323232323234,100,60,0.05,0.6,2,LASSO
0.12698412698412698,0.176,0.14752724224643754,0.0,-0.05941355537506945,0.050505050505050504,0.07,100,60,0.05,0.6,3,OLS
0.32,0.016,0.030476190476190476,0.0,-0.015488853344314891,0.050505050505050504,0.0025252525252525255,100,60,0.05,0.6,3,LASSO
0.1507823613086771,0.212,0.17622610141313383,0.0,0.1704184457528006,0.050505050505050504,0.07101010101010101,100,60,0.05,0.6,4,OLS
0.4782608695652174,0.022,0.04206500956022945,0.0,-0.09594867444209815,0.050505050505050504,0.0023232323232323234,100,60,0.05,0.6,4,LASSO
0.12518195050946143,0.172,0.14490311710193765,0.2,-0.0011309218996841757,0.050505050505050504,0.0693939393939394,100,60,0.05,0.6,5,OLS
0.3181818181818182,0.014,0.02681992337164751,0.4,0.11489562288449344,0.050505050505050504,0.0022222222222222222,100,60,0.05,0.6,5,LASSO
0.12280701754385964,0.196,0.1510015408320493,0.2,0.14442076204025192,0.050505050505050504,0.08060606060606061,100,60,0.05,0.6,6,OLS
0.35714285714285715,0.02,0.03787878787878788,0.0,0.13488430560646025,0.050505050505050504,0.0028282828282828283,100,60,0.05,0.6,6,LASSO
0.12774725274725274,0.186,0.15146579804560262,0.0,0.017245053487618255,0.050505050505050504,0.07353535353535354,100,60,0.05,0.6,7,OLS
0.5806451612903226,0.036,0.06779661016949153,0.0,0.06820065840480553,0.050505050505050504,0.0031313131313131315,100,60,0.05,0.6,7,LASSO
0.20378619153674832,0.183,0.1928345626975764,0.2,0.11887350476377317,0.10101010101010101,0.09070707070707071,100,60,0.1,0.6,0,OLS
0.46153846153846156,0.012,0.023391812865497075,0.2,0.1226566600007861,0.10101010101010101,0.0026262626262626263,100,60,0.1,0.6,0,LASSO
0.19273127753303965,0.175,0.18343815513626835,0.0,0.06583914913584082,0.10101010101010101,0.09171717171717171,100,60,0.1,0.6,1,OLS
0.4583333333333333,0.011,0.021484375,0.2,0.12359224485452268,0.10101010101010101,0.0024242424242424242,100,60,0.1,0.6,1,LASSO
0.1915983606557377,0.187,0.18927125506072875,0.2,0.1467028584129945,0.10101010101010101,0.09858585858585858,100,60,0.1,0.6,2,OLS
0.41379310344827586,0.012,0.023323615160349854,0.0,-0.010535104028182788,0.10101010101010101,0.0029292929292929295,100,60,0.1,0.6,2,LASSO
0.1945010183299389,0.191,0.1927346115035318,0.0,0.11085162573148986,0.10101010101010101,0.09919191919191919,100,60,0.1,0.6,3,OLS
0.36,0.009,0.0175609756097561,0.0,0.06835703596398626,0.10101010101010101,0.0025252525252525255,100,60,0.1,0.6,3,LASSO
0.19506966773847803,0.182,0.1883083290222452,0.2,-0.19460428112618738,0.10101010101010101,0.09424242424242424,100,60,0.1,0.6,4,OLS
0.3103448275862069,0.009,0.01749271137026239,0.0,-0.059039565113317344,0.10101010101010101,0.0029292929292929295,100,60,0.1,0.6,4,LASSO
0.2039337474120083,0.197,0.20040691759918616,0.0,-0.0013171427143336821,0.10101010101010101,0.09757575757575758,100,60,0.1,0.6,5,OLS
0.36363636363636365,0.008,0.015655577299412915,0.0,0.1225519940655045,0.10101010101010101,0.0022222222222222222,100,60,0.1,0.6,5,LASSO
0.21468926553672316,0.19,0.20159151193633953,0.2,0.13174883135113036,0.10101010101010101,0.0893939393939394,100,60,0.1,0.6,6,OLS
0.5,0.005,0.009900990099009901,0.0,0.03016828039857515,0.10101010101010101,0.00101010101010101,100,60,0.1,0.6,6,LASSO
0.21445221445221446,0.184,0.19806243272335844,0.0,0.033834021413775325,0.10101010101010101,0.08666666666666667,100,60,0.1,0.6,7,OLS
0.4782608695652174,0.011,0.021505376344086023,0.0,-0.042375882563089114,0.10101010101010101,0.0023232323232323234,100,60,0.1,0.6,7,LASSO
0.3189143341815098,0.188,0.23655237496067946,0.0,0.03526914343213363,0.20202020202020202,0.1190909090909091,100,60,0.2,0.6,0,OLS
0.391304347826087,0.0045,0.008897676717745922,0.0,0.05042496816877883,0.20202020202020202,0.0023232323232323234,100,60,0.2,0.6,0,LASSO
0.3448275862068966,0.175,0.23217247097844113,0.0,-0.05413743267715554,0.20202020202020202,0.10252525252525252,100,60,0.2,0.6,1,OLS
0.8461538461538461,0.0165,0.032368808239333004,0.0,0.11527320745121247,0.20202020202020202,0.00393939393939394,100,60,0.2,0.6,1,LASSO
0.37265917602996257,0.199,0.25945241199478486,0.0,0.04328718775088366,0.20202020202020202,0.10787878787878788,100,60,0.2,0.6,2,OLS
0.6578947368421053,0.0125,0.02453385672227674,0.0,0.0798528900523297,0.20202020202020202,0.0038383838383838384,100,60,0.2,0.6,2,LASSO
0.35734597156398107,0.1885,0.24680851063829787,0.4,0.16764601483241795,0.20202020202020202,0.10656565656565657,100,60,0.2,0.6,3,OLS
0.8888888888888888,0.012,0.023680315737543166,0.0,0.027747159231058985,0.20202020202020202,0.0027272727272727275,100,60,0.2,0.6,3,LASSO
0.3389830508474576,0.19,0.24351169496956104,0.0,0.09376539229347249,0.20202020202020202,0.11323232323232323,100,60,0.2,0.6,4,OLS
0.5862068965517241,0.0085,0.016757023164120255,0.2,0.10278035209852487,0.20202020202020202,0.0029292929292929295,100,60,0.2,0.6,4,LASSO
0.33366141732283466,0.1695,0.22480106100795755,0.0,0.048979104162817554,0.20202020202020202,0.10262626262626262,100,60,0.2,0.6,5,OLS
0.5384615384615384,0.0035,0.006954793840039742,0.0,-0.05665034628527798,0.20202020202020202,0.0013131313131313131,100,60,0.2,0.6,5,LASSO
0.3662222222222222,0.206,0.26368,0.0,0.18067633324409488,0.20202020202020202,0.11363636363636363,100,60,0.2,0.6,6,OLS
0.7575757575757576,0.0125,0.02459419576979833,0.0,-0.05341231628303306,0.20202020202020202,0.0033333333333333335,100,60,0.2,0.6,6,LASSO
0.3503368623676612,0.182,0.23955248436985851,0.0,0.05114482462167539,0.20202020202020202,0.10494949494949495,100,60,0.2,0.6,7,OLS
0.8064516129032258,0.0125,0.024618414574101428,0.0,-0.02711123641592427,0.20202020202020202,0.0031313131313131315,100,60,0.2,0.6,7,LASSO
0.07621247113163972,0.495,0.13208805870580387,0.0,0.2522932118306026,0.020202020202020204,0.13121212121212122,100,250,0.02,2.5,0,OLS
0.8333333333333334,0.2,0.3225806451612903,0.2,0.260084541216076,0.020202020202020204,0.0048484848484848485,100,250,0.02,2.5,0,LASSO
0.07568438003220612,0.47,0.130374479889043,0.0,0.080645083796609,0.020202020202020204,0.12545454545454546,100,250,0.02,2.5,1,OLS
0.6875,0.165,0.2661290322580645,0.0,0.29280570966060526,0.020202020202020204,0.0048484848484848485,100,250,0.02,2.5,1,LASSO
0.07478797224363917,0.485,0.1295925183700735,0.0,0.08822193401423739,0.020202020202020204,0.13101010101010102,100,250,0.02,2.5,2,OLS
0.8888888888888888,0.16,0.2711864406779661,0.0,0.22114023204965333,0.020202020202020204,0.0036363636363636364,100,250,0.02,2.5,2,LASSO
0.08721422523285352,0.515,0.1491672700941347,0.0,0.16288796688451831,0.020202020202020204,0.1192929292929293,100,250,0.02,2.5,3,OLS
0.68,0.17,0.272,0.0,0.2585226105578082,0.020202020202020204,0.005050505050505051,100,250,0.02,2.5,3,LASSO
0.060503059143439834,0.445,0.10652304009575105,0.2,0.1473423410416055,0.020202020202020204,0.1485858585858586,100,250,0.02,2.5,4,OLS
0.7906976744186046,0.17,0.27983539094650206,0.2,0.1852500029555465,0.020202020202020204,0.004343434343434344,100,250,0.02,2.5,4,LASSO
0.06612244897959184,0.405,0.11368421052631579,0.2,0.12096430890401835,0.020202020202020204,0.12373737373737374,100,250,0.02,2.5,5,OLS
0.7428571428571429,0.13,0.22127659574468084,0.2,0.30786113009288435,0.020202020202020204,0.0035353535353535356,100,250,0.02,2.5,5,LASSO
0.07033639143730887,0.46,0.1220159151193634,0.0,0.10903964933335508,0.020202020202020204,0.1321212121212121,100,250,0.02,2.5,6,OLS
0.8205128205128205,0.16,0.26778242677824265,0.2,0.2446269300153047,0.020202020202020204,0.00393939393939394,100,250,0.02,2.5,6,LASSO
0.08484349258649095,0.515,0.1456859971711457,0.0,0.1348315697204672,0.020202020202020204,0.12262626262626262,100,250,0.02,2.5,7,OLS
0.6956521739130435,0.16,0.2601626016260163,0.0,0.016321774234119724,0.020202020202020204,0.004646464646464647,100,250,0.02,2.5,7,LASSO
0.1313912009512485,0.442,0.20256645279560037,0.2,0.10855376407773552,0.050505050505050504,0.1698989898989899,100,250,0.05,2.5,0,OLS
0.975609756097561,0.16,0.27491408934707906,0.0,0.1299105549787378,0.050505050505050504,0.008282828282828282,100,250,0.05,2.5,0,LASSO
0.14784151389710232,0.5,0.22820629849383842,0.2,0.16276776334414989,0.050505050505050504,0.1708080808080808,100,250,0.05,2.5,1,OLS
0.9333333333333333,0.14,0.24347826086956523,0.2,0.24312934742015815,0.050505050505050504,0.007575757575757576,100,250,0.05,2.5,1,LASSO
0.13468013468013468,0.48,0.21034180543382996,0.2,0.05613972577420309,0.050505050505050504,0.18,100,250,0.05,2.5,2,OLS
0.9625,0.154,0.2655172413793103,0.0,0.12917177627602722,0.050505050505050504,0.00808080808080808,100,250,0.05,2.5,2,LASSO
0.1467772814294831,0.46,0.22254475084663763,0.2,0.18673602331017944,0.050505050505050504,0.15828282828282828,100,250,0.05,2.5,3,OLS
0.9175257731958762,0.178,0.2981574539363484,0.6,0.263658648457927,0.050505050505050504,0.009797979797979799,100,250,0.05,2.5,3,LASSO
0.15604128718882818,0.514,0.2394038192827201,0.0,0.12394735040488546,0.050505050505050504,0.16636363636363635,100,250,0.05,2.5,4,OLS
0.8941176470588236,0.152,0.25982905982905985,0.0,0.16891684928047412,0.050505050505050504,0.008585858585858586,100,250,0.05,2.5,4,LASSO
0.16519972918077183,0.488,0.2468386444107233,0.0,0.07043076649095564,0.050505050505050504,0.14919191919191918,100,250,0.05,2.5,5,OLS
0.8947368421052632,0.17,0.2857142857142857,0.0,0.09581484546597352,0.050505050505050504,0.009595959595959595,100,250,0.05,2.5,5,LASSO
0.15351149782473586,0.494,0.23423423423423423,0.2,0.23539229694567212,0.050505050505050504,0.16252525252525252,100,250,0.05,2.5,6,OLS
0.9518072289156626,0.158,0.27101200686106347,0.0,0.2583185908082445,0.050505050505050504,0.008383838383838384,100,250,0.05,2.5,6,LASSO
0.13649025069637882,0.49,0.21350762527233116,0.0,0.2453745227045514,0.050505050505050504,0.18131313131313131,100,250,0.05,2.5,7,OLS
0.8604651162790697,0.148,0.2525597269624573,0.2,0.13861020621805284,0.050505050505050504,0.008686868686868687,100,250,0.05,2.5,7,LASSO
0.23582089552238805,0.474,0.3149501661129568,0.0,0.13179862132218184,0.10101010101010101,0.20303030303030303,100,250,0.1,2.5,0,OLS
0.9777777777777777,0.132,0.23259911894273128,0.4,0.13998807545304143,0.10101010101010101,0.013636363636363636,100,250,0.1,2.5,0,LASSO
0.24074074074074073,0.468,0.3179347826086957,0.0,0.11407590388841714,0.10101010101010101,0.19636363636363635,100,250,0.1,2.5,1,OLS
0.9858156028368794,0.139,0.24364592462751972,0.2,0.17317551406222184,0.10101010101010101,0.014242424242424242,100,250,0.1,2.5,1,LASSO
0.27044025157232704,0.473,0.34412513641324116,0.0,0.09012503512849193,0.10101010101010101,0.17666666666666667,100,250,0.1,2.5,2,OLS
0.9703703703703703,0.131,0.23083700440528634,0.2,0.16216865005388714,0.10101010101010101,0.013636363636363636,100,250,0.1,2.5,2,LASSO
0.17694272163444,0.485,0.2592889601710773,0.0,0.056549600990258554,0.10101010101010101,0.2768686868686869,100,250,0.1,2.5,3,OLS
0.9714285714285714,0.17,0.28936170212765955,0.2,0.23790592564513816,0.10101010101010101,0.017676767676767676,100,250,0.1,2.5,3,LASSO
0.1272145144076841,0.596,0.209674582233949,0.0,0.07060895044082162,0.10101010101010101,0.4732323232323232,100,250,0.1,2.5,4,OLS
0.9248554913294798,0.16,0.2728047740835465,0.0,0.12751556873557437,0.10101010101010101,0.017474747474747476,100,250,0.1,2.5,4,LASSO
0.22766990291262135,0.469,0.3065359477124183,0.2,0.21245947228934897,0.10101010101010101,0.2080808080808081,100,250,0.1,2.5,5,OLS
0.9739130434782609,0.112,0.20089686098654708,0.0,-0.018613893188680414,0.10101010101010101,0.011616161616161616,100,250,0.1,2.5,5,LASSO
0.25341685649202733,0.445,0.3229317851959361,0.0,0.3521868400608315,0.10101010101010101,0.17737373737373738,100,250,0.1,2.5,6,OLS
0.9831932773109243,0.117,0.20911528150134048,0.2,0.11778245060611654,0.10101010101010101,0.01202020202020202,100,250,0.1,2.5,6,LASSO
0.21879588839941264,0.447,0.2937890239894841,0.2,0.08466177436101523,0.10101010101010101,0.20636363636363636,100,250,0.1,2.5,7,OLS
0.9629629629629629,0.104,0.18772563176895307,0.2,0.01329748859380913,0.10101010101010101,0.01090909090909091,100,250,0.1,2.5,7,LASSO
0.27601809954751133,0.5185,0.3602570783394129,0.2,0.015082573830750932,0.20202020202020202,0.3794949494949495,100,250,0.2,2.5,0,OLS
0.98989898989899,0.147,0.2559860687853722,0.2,0.09546480314396745,0.20202020202020202,0.03,100,250,0.2,2.5,0,LASSO
0.22173355323437785,0.605,0.32452728979482365,0.0,-0.008013723074808335,0.20202020202020202,0.5512121212121213,100,250,0.2,2.5,1,OLS
0.9572649572649573,0.168,0.2858358145470013,0.0,0.0630477545532227,0.20202020202020202,0.035454545454545454,100,250,0.2,2.5,1,LASSO
0.26392032593933906,0.583,0.3633530694920536,0.2,0.17385787514413345,0.20202020202020202,0.44626262626262625,100,250,0.2,2.5,2,OLS
0.9806201550387597,0.1265,0.2240921169176262,0.4,0.21587767413457107,0.20202020202020202,0.026060606060606062,100,250,0.2,2.5,2,LASSO
0.2396404297303223,0.5465,0.33318091754305745,0.0,-0.08884017774153617,0.20202020202020202,0.46070707070707073,100,250,0.2,2.5,3,OLS
0.9613899613899614,0.249,0.39555202541699763,0.0,0.064310341711755,0.20202020202020202,0.05232323232323232,100,250,0.2,2.5,3,LASSO
0.2244431753283838,0.5895,0.325106852336964,0.0,0.0261194571284221,0.20202020202020202,0.5306060606060606,100,250,0.2,2.5,4,OLS
0.9836065573770492,0.18,0.3043110735418428,0.4,0.13191272366112838,0.20202020202020202,0.03696969696969697,100,250,0.2,2.5,4,LASSO
0.2748712388181079,0.507,0.3564774125505361,0.0,0.11597448460155645,0.20202020202020202,0.37262626262626264,100,250,0.2,2.5,5,OLS
0.9756838905775076,0.1605,0.2756547874624302,0.2,0.2554294800806472,0.20202020202020202,0.03323232323232323,100,250,0.2,2.5,5,LASSO
0.31370038412291934,0.49,0.3825136612021858,0.2,0.07383614071144443,0.20202020202020202,0.31555555555555553,100,250,0.2,2.5,6,OLS
0.9872611464968153,0.155,0.26793431287813313,0.2,0.00494108538810203,0.20202020202020202,0.03171717171717172,100,250,0.2,2.5,6,LASSO
0.3786644951140065,0.465,0.41741472172351884,0.0,-0.024592213871347784,0.20202020202020202,0.24808080808080807,100,250,0.2,2.5,7,OLS
0.9874213836477987,0.0785,0.14543770264011116,0.0,0.025643342774529586,0.20202020202020202,0.01606060606060606,100,250,0.2,2.5,7,LASSO
0.052191038897095025,0.53,0.09502465262214253,0.2,0.13437544976833868,0.020202020202020204,0.20515151515151514,100,500,0.02,5.0,0,OLS
0.8472222222222222,0.305,0.4485294117647059,0.4,0.3043273551237326,0.020202020202020204,0.007272727272727273,100,500,0.02,5.0,0,LASSO
0.0639269406392694,0.63,0.11607554122524183,0.0,0.16254093793469926,0.020202020202020204,0.1990909090909091,100,500,0.02,5.0,1,OLS
0.9285714285714286,0.39,0.5492957746478874,0.4,0.35537767873862725,0.020202020202020204,0.008484848484848486,100,500,0.02,5.0,1,LASSO
0.06153050672182006,0.595,0.11152764761012184,0.2,0.0836393626908725,0.020202020202020204,0.19535353535353536,100,500,0.02,5.0,2,OLS
0.8888888888888888,0.32,0.47058823529411764,0.4,0.2512297528882249,0.020202020202020204,0.007272727272727273,100,500,0.02,5.0,2,LASSO
0.05165289256198347,0.625,0.09541984732824428,0.0,0.24168841597155818,0.020202020202020204,0.24444444444444444,100,500,0.02,5.0,3,OLS
0.9072164948453608,0.44,0.5925925925925926,0.2,0.539870493262626,0.020202020202020204,0.009797979797979799,100,500,0.02,5.0,3,LASSO
0.05105795768169273,0.555,0.09351305812973884,0.0,0.13578409117258053,0.020202020202020204,0.2195959595959596,100,500,0.02,5.0,4,OLS
0.9302325581395349,0.4,0.5594405594405595,0.0,0.43606340402425714,0.020202020202020204,0.008686868686868687,100,500,0.02,5.0,4,LASSO
0.06589351607801792,0.625,0.11921793037672866,0.2,0.23701804274506957,0.020202020202020204,0.19161616161616163,100,500,0.02,5.0,5,OLS
0.8295454545454546,0.365,0.5069444444444444,0.0,0.29105252773940554,0.020202020202020204,0.008888888888888889,100,500,0.02,5.0,5,LASSO
0.05286539315859618,0.595,0.0971032231742146,0.0,0.05499871678399346,0.020202020202020204,0.22737373737373737,100,500,0.02,5.0,6,OLS
0.9154929577464789,0.325,0.4797047970479705,0.2,0.41744463301633544,0.020202020202020204,0.007171717171717172,100,500,0.02,5.0,6,LASSO
0.05826217980914113,0.58,0.10588772250114104,0.2,0.1604296901140469,0.020202020202020204,0.2011111111111111,100,500,0.02,5.0,7,OLS
0.925,0.37,0.5285714285714286,0.0,0.3149111570395807,0.020202020202020204,0.00808080808080808,100,500,0.02,5.0,7,LASSO
0.1299510458388963,0.584,0.21259555879140882,0.2,0.12378595204199587,0.050505050505050504,0.22696969696969696,100,500,0.05,5.0,0,OLS
0.9928057553956835,0.276,0.431924882629108,0.2,0.2080144857338139,0.050505050505050504,0.01404040404040404,100,500,0.05,5.0,0,LASSO
0.08603591530420798,0.642,0.15173717797211062,0.2,0.011703397037673587,0.050505050505050504,0.37686868686868685,100,500,0.05,5.0,1,OLS
0.9212962962962963,0.398,0.5558659217877095,0.2,0.23076742904065325,0.050505050505050504,0.02181818181818182,100,500,0.05,5.0,1,LASSO
0.09409535838332807,0.596,0.16253067902917917,0.0,0.12650227643128167,0.050505050505050504,0.3198989898989899,100,500,0.05,5.0,2,OLS
0.9023255813953488,0.388,0.5426573426573427,0.2,0.3239315938459394,0.050505050505050504,0.021717171717171718,100,500,0.05,5.0,2,LASSO
0.09879753006174846,0.608,0.1699748392507688,0.0,0.11033375545896458,0.050505050505050504,0.3108080808080808,100,500,0.05,5.0,3,OLS
0.9461883408071748,0.422,0.5836791147994468,0.0,0.25567388975278416,0.050505050505050504,0.022525252525252525,100,500,0.05,5.0,3,LASSO
0.10056390977443609,0.642,0.17388949079089924,0.2,0.02741153720869289,0.050505050505050504,0.32242424242424245,100,500,0.05,5.0,4,OLS
0.9094827586206896,0.422,0.5765027322404371,0.4,0.21699425870770803,0.050505050505050504,0.023434343434343436,100,500,0.05,5.0,4,LASSO
0.09784031413612565,0.598,0.16816647919010125,0.0,0.19701934100133012,0.050505050505050504,0.3086868686868687,100,500,0.05,5.0,5,OLS
0.9414634146341463,0.386,0.5475177304964539,0.0,0.20127726303279425,0.050505050505050504,0.02070707070707071,100,500,0.05,5.0,5,LASSO
0.08984725965858041,0.6,0.15629070070330817,0.4,0.06680718674413172,0.050505050505050504,0.3372727272727273,100,500,0.05,5.0,6,OLS
0.8461538461538461,0.396,0.5395095367847411,0.0,0.20989077779199827,0.050505050505050504,0.023636363636363636,100,500,0.05,5.0,6,LASSO
0.10381211708645337,0.61,0.17742873763816172,0.0,0.14078179821143885,0.050505050505050504,0.2967676767676768,100,500,0.05,5.0,7,OLS
0.9540816326530612,0.374,0.5373563218390804,0.2,0.23120449938484694,0.050505050505050504,0.019797979797979797,100,500,0.05,5.0,7,LASSO
0.15073255525204868,0.607,0.24149592202108613,0.2,0.07151838160540572,0.10101010101010101,0.4067676767676768,100,500,0.1,5.0,0,OLS
0.9519230769230769,0.396,0.559322033898305,0.2,0.15533550862978296,0.10101010101010101,0.04202020202020202,100,500,0.1,5.0,0,LASSO
0.16732962079024133,0.631,0.26451477677635715,0.2,0.035983297345591775,0.10101010101010101,0.3809090909090909,100,500,0.1,5.0,1,OLS
0.9897959183673469,0.388,0.5574712643678161,0.6,0.21884288231346702,0.10101010101010101,0.039595959595959594,100,500,0.1,5.0,1,LASSO
0.114156777536353,0.683,0.19561792925676644,0.0,-0.07062101571067886,0.10101010101010101,0.6043434343434343,100,500,0.1,5.0,2,OLS
0.904572564612326,0.455,0.605455755156354,0.4,0.21516779749718537,0.10101010101010101,0.05080808080808081,100,500,0.1,5.0,2,LASSO
0.16544502617801046,0.632,0.26224066390041495,0.2,0.10293224514892044,0.10101010101010101,0.38585858585858585,100,500,0.1,5.0,3,OLS
0.9534368070953437,0.43,0.5926946933149552,0.2,0.19398363193983628,0.10101010101010101,0.04555555555555556,100,500,0.1,5.0,3,LASSO
0.16666666666666666,0.627,0.2633347333053339,0.0,0.19447660102549835,0.10101010101010101,0.38,100,500,0.1,5.0,4,OLS
0.9776674937965261,0.394,0.5616535994297933,0.2,0.2236662407467645,0.10101010101010101,0.040707070707070706,100,500,0.1,5.0,4,LASSO
0.1565040650406504,0.616,0.24959481361426256,0.0,0.04503942425230058,0.10101010101010101,0.3975757575757576,100,500,0.1,5.0,5,OLS
0.925754060324826,0.399,0.5576519916142557,0.2,0.20027434984607728,0.10101010101010101,0.04353535353535354,100,500,0.1,5.0,5,LASSO
0.22142043296619826,0.583,0.3209468758601707,0.2,0.11355925855924164,0.10101010101010101,0.26595959595959595,100,500,0.1,5.0,6,OLS
0.9927797833935018,0.275,0.4306969459671104,0.2,0.14457437582968627,0.10101010101010101,0.02797979797979798,100,500,0.1,5.0,6,LASSO
0.1654461621914836,0.61,0.26029443140601666,0.0,0.05007465184267333,0.10101010101010101,0.37242424242424244,100,500,0.1,5.0,7,OLS
0.9812834224598931,0.367,0.5342066957787481,0.4,0.23389930673082884,0.10101010101010101,0.03777777777777778,100,500,0.1,5.0,7,LASSO
0.23537580281201181,0.678,0.34943950521839967,0.0,-0.09810361322139172,0.20202020202020202,0.581919191919192,100,500,0.2,5.0,0,OLS
0.9577464788732394,0.442,0.6048580225795416,0.0,-0.023121471532023853,0.20202020202020202,0.09323232323232324,100,500,0.2,5.0,0,LASSO
0.2541622760800843,0.603,0.3575982209043736,0.0,-0.04680038586996255,0.20202020202020202,0.47929292929292927,100,500,0.2,5.0,1,OLS
0.9694570135746606,0.4285,0.5943134535367545,0.0,0.042545396927662044,0.20202020202020202,0.0892929292929293,100,500,0.2,5.0,1,LASSO
0.22619683217654388,0.6355,0.3336395852474078,0.2,0.010107840789964271,0.20202020202020202,0.5675757575757576,100,500,0.2,5.0,2,OLS
0.9637850467289719,0.4125,0.5777310924369747,0.4,0.16961034354144888,0.20202020202020202,0.08646464646464647,100,500,0.2,5.0,2,LASSO
0.23756079311634867,0.635,0.34576640348488974,0.0,-0.08121007140915647,0.20202020202020202,0.54,100,500,0.2,5.0,3,OLS
0.97252208047105,0.4955,0.6565087777409738,0.4,0.2654702006072773,0.20202020202020202,0.10292929292929293,100,500,0.2,5.0,3,LASSO
0.20943369580567717,0.7415,0.3266160114524832,0.0,-0.06644221615967781,0.20202020202020202,0.7152525252525253,100,500,0.2,5.0,4,OLS
0.8896761133603239,0.4395,0.5883534136546185,0.2,0.051669544353698006,0.20202020202020202,0.0997979797979798,100,500,0.2,5.0,4,LASSO
0.22380484610347084,0.6835,0.33719782930439074,0.0,-0.08586444456307242,0.20202020202020202,0.616969696969697,100,500,0.2,5.0,5,OLS
0.9683972911963883,0.429,0.5945945945945946,0.0,0.03662453287588326,0.20202020202020202,0.08949494949494949,100,500,0.2,5.0,5,LASSO
0.23729420186113098,0.663,0.3494992092778071,0.2,-0.0038120087160171076,0.20202020202020202,0.5644444444444444,100,500,0.2,5.0,6,OLS
0.962486602357985,0.449,0.6123423116263211,0.6,0.14040413427495743,0.20202020202020202,0.09424242424242424,100,500,0.2,5.0,6,LASSO
0.2521667354519191,0.611,0.3569967864446392,0.0,0.04028690860217412,0.20202020202020202,0.4894949494949495,100,500,0.2,5.0,7,OLS
0.9702380952380952,0.4075,0.573943661971831,0.0,0.17983009310997808,0.20202020202020202,0.08484848484848485,100,500,0.2,5.0,7,LASSO
