method,f1,precision,recall,density_true,density_pred,N,T,trial,T_N_ratio,dgp
LASSO-TE,0.07692307692307693,0.2857142857142857,0.044444444444444446,0.05172413793103448,0.008045977011494253,30,60,0,2.0,gaussian
OLS-TE,0.19148936170212766,0.1836734693877551,0.2,0.05172413793103448,0.05632183908045977,30,60,0,2.0,gaussian
LASSO-TE,0.0,0.0,0.0,0.05172413793103448,0.0022988505747126436,30,60,1,2.0,gaussian
OLS-TE,0.11764705882352941,0.10526315789473684,0.13333333333333333,0.05172413793103448,0.06551724137931035,30,60,1,2.0,gaussian
LASSO-TE,0.038461538461538464,0.14285714285714285,0.022222222222222223,0.05172413793103448,0.008045977011494253,30,60,2,2.0,gaussian
OLS-TE,0.08791208791208792,0.08695652173913043,0.08888888888888889,0.05172413793103448,0.052873563218390804,30,60,2,2.0,gaussian
LASSO-TE,0.0,0.0,0.0,0.05172413793103448,0.004597701149425287,30,60,3,2.0,gaussian
OLS-TE,0.16666666666666666,0.1794871794871795,0.15555555555555556,0.05172413793103448,0.04482758620689655,30,60,3,2.0,gaussian
LASSO-TE,0.038461538461538464,0.14285714285714285,0.022222222222222223,0.05172413793103448,0.008045977011494253,30,60,4,2.0,gaussian
OLS-TE,0.06382978723404255,0.061224489795918366,0.06666666666666667,0.05172413793103448,0.05632183908045977,30,60,4,2.0,gaussian
LASSO-TE,0.04,0.2,0.022222222222222223,0.05172413793103448,0.005747126436781609,30,60,5,2.0,gaussian
OLS-TE,0.12244897959183673,0.11320754716981132,0.13333333333333333,0.05172413793103448,0.06091954022988506,30,60,5,2.0,gaussian
LASSO-TE,0.0,0.0,0.0,0.05172413793103448,0.0011494252873563218,30,60,6,2.0,gaussian
OLS-TE,0.08888888888888889,0.08888888888888889,0.08888888888888889,0.05172413793103448,0.05172413793103448,30,60,6,2.0,gaussian
LASSO-TE,0.08,0.4,0.044444444444444446,0.05172413793103448,0.005747126436781609,30,60,7,2.0,gaussian
OLS-TE,0.10526315789473684,0.12903225806451613,0.08888888888888889,0.05172413793103448,0.035632183908045977,30,60,7,2.0,gaussian
LASSO-TE,0.0,0.0,0.0,0.05172413793103448,0.004597701149425287,30,60,8,2.0,gaussian
OLS-TE,0.08333333333333333,0.0784313725490196,0.08888888888888889,0.05172413793103448,0.05862068965517241,30,60,8,2.0,gaussian
LASSO-TE,0.038461538461538464,0.14285714285714285,0.022222222222222223,0.05172413793103448,0.008045977011494253,30,60,9,2.0,gaussian
OLS-TE,0.125,0.11764705882352941,0.13333333333333333,0.05172413793103448,0.05862068965517241,30,60,9,2.0,gaussian
LASSO-TE,0.16,0.8,0.08888888888888889,0.05172413793103448,0.005747126436781609,30,120,0,4.0,gaussian
OLS-TE,0.26,0.23636363636363636,0.28888888888888886,0.05172413793103448,0.06321839080459771,30,120,0,4.0,gaussian
LASSO-TE,0.0784313725490196,0.3333333333333333,0.044444444444444446,0.05172413793103448,0.006896551724137931,30,120,1,4.0,gaussian
OLS-TE,0.21359223300970873,0.1896551724137931,0.24444444444444444,0.05172413793103448,0.06666666666666667,30,120,1,4.0,gaussian
LASSO-TE,0.12244897959183673,0.75,0.06666666666666667,0.05172413793103448,0.004597701149425287,30,120,2,4.0,gaussian
OLS-TE,0.1941747572815534,0.1724137931034483,0.2222222222222222,0.05172413793103448,0.06666666666666667,30,120,2,4.0,gaussian
LASSO-TE,0.0,0.0,0.0,0.05172413793103448,0.0022988505747126436,30,120,3,4.0,gaussian
OLS-TE,0.10989010989010989,0.10869565217391304,0.1111111111111111,0.05172413793103448,0.052873563218390804,30,120,3,4.0,gaussian
LASSO-TE,0.0,0.0,0.0,0.05172413793103448,0.0034482758620689655,30,120,4,4.0,gaussian
OLS-TE,0.18556701030927836,0.17307692307692307,0.2,0.05172413793103448,0.059770114942528735,30,120,4,4.0,gaussian
LASSO-TE,0.04081632653061224,0.25,0.022222222222222223,0.05172413793103448,0.004597701149425287,30,120,5,4.0,gaussian
OLS-TE,0.14814814814814814,0.12698412698412698,0.17777777777777778,0.05172413793103448,0.07241379310344828,30,120,5,4.0,gaussian
LASSO-TE,0.11538461538461539,0.42857142857142855,0.06666666666666667,0.05172413793103448,0.008045977011494253,30,120,6,4.0,gaussian
OLS-TE,0.3010752688172043,0.2916666666666667,0.3111111111111111,0.05172413793103448,0.05517241379310345,30,120,6,4.0,gaussian
LASSO-TE,0.0,0.0,0.0,0.05172413793103448,0.005747126436781609,30,120,7,4.0,gaussian
OLS-TE,0.14893617021276595,0.14285714285714285,0.15555555555555556,0.05172413793103448,0.05632183908045977,30,120,7,4.0,gaussian
LASSO-TE,0.0,0.0,0.0,0.05172413793103448,0.004597701149425287,30,120,8,4.0,gaussian
OLS-TE,0.26,0.23636363636363636,0.28888888888888886,0.05172413793103448,0.06321839080459771,30,120,8,4.0,gaussian
LASSO-TE,0.07142857142857142,0.18181818181818182,0.044444444444444446,0.05172413793103448,0.01264367816091954,30,120,9,4.0,gaussian
OLS-TE,0.20168067226890757,0.16216216216216217,0.26666666666666666,0.05172413793103448,0.08505747126436781,30,120,9,4.0,gaussian
LASSO-TE,0.04081632653061224,0.25,0.022222222222222223,0.05172413793103448,0.004597701149425287,30,250,0,8.333333333333334,gaussian
OLS-TE,0.24242424242424243,0.2222222222222222,0.26666666666666666,0.05172413793103448,0.06206896551724138,30,250,0,8.333333333333334,gaussian
LASSO-TE,0.125,1.0,0.06666666666666667,0.05172413793103448,0.0034482758620689655,30,250,1,8.333333333333334,gaussian
OLS-TE,0.29473684210526313,0.28,0.3111111111111111,0.05172413793103448,0.05747126436781609,30,250,1,8.333333333333334,gaussian
LASSO-TE,0.16326530612244897,1.0,0.08888888888888889,0.05172413793103448,0.004597701149425287,30,250,2,8.333333333333334,gaussian
OLS-TE,0.25806451612903225,0.25,0.26666666666666666,0.05172413793103448,0.05517241379310345,30,250,2,8.333333333333334,gaussian
LASSO-TE,0.1568627450980392,0.6666666666666666,0.08888888888888889,0.05172413793103448,0.006896551724137931,30,250,3,8.333333333333334,gaussian
OLS-TE,0.3829787234042553,0.3673469387755102,0.4,0.05172413793103448,0.05632183908045977,30,250,3,8.333333333333334,gaussian
LASSO-TE,0.1568627450980392,0.6666666666666666,0.08888888888888889,0.05172413793103448,0.006896551724137931,30,250,4,8.333333333333334,gaussian
OLS-TE,0.30612244897959184,0.2830188679245283,0.3333333333333333,0.05172413793103448,0.06091954022988506,30,250,4,8.333333333333334,gaussian
LASSO-TE,0.11320754716981132,0.375,0.06666666666666667,0.05172413793103448,0.009195402298850575,30,250,5,8.333333333333334,gaussian
OLS-TE,0.3047619047619048,0.26666666666666666,0.35555555555555557,0.05172413793103448,0.06896551724137931,30,250,5,8.333333333333334,gaussian
LASSO-TE,0.16,0.8,0.08888888888888889,0.05172413793103448,0.005747126436781609,30,250,6,8.333333333333334,gaussian
OLS-TE,0.37254901960784315,0.3333333333333333,0.4222222222222222,0.05172413793103448,0.06551724137931035,30,250,6,8.333333333333334,gaussian
LASSO-TE,0.1568627450980392,0.6666666666666666,0.08888888888888889,0.05172413793103448,0.006896551724137931,30,250,7,8.333333333333334,gaussian
OLS-TE,0.297029702970297,0.26785714285714285,0.3333333333333333,0.05172413793103448,0.06436781609195402,30,250,7,8.333333333333334,gaussian
LASSO-TE,0.0851063829787234,1.0,0.044444444444444446,0.05172413793103448,0.0022988505747126436,30,250,8,8.333333333333334,gaussian
OLS-TE,0.32727272727272727,0.27692307692307694,0.4,0.05172413793103448,0.07471264367816093,30,250,8,8.333333333333334,gaussian
LASSO-TE,0.12244897959183673,0.75,0.06666666666666667,0.05172413793103448,0.004597701149425287,30,250,9,8.333333333333334,gaussian
OLS-TE,0.2807017543859649,0.2318840579710145,0.35555555555555557,0.05172413793103448,0.07931034482758621,30,250,9,8.333333333333334,gaussian
LASSO-TE,0.2962962962962963,0.8888888888888888,0.17777777777777778,0.05172413793103448,0.010344827586206896,30,500,0,16.666666666666668,gaussian
OLS-TE,0.4423076923076923,0.3898305084745763,0.5111111111111111,0.05172413793103448,0.067816091954023,30,500,0,16.666666666666668,gaussian
LASSO-TE,0.3333333333333333,1.0,0.2,0.05172413793103448,0.010344827586206896,30,500,1,16.666666666666668,gaussian
OLS-TE,0.4444444444444444,0.3611111111111111,0.5777777777777777,0.05172413793103448,0.08275862068965517,30,500,1,16.666666666666668,gaussian
LASSO-TE,0.38596491228070173,0.9166666666666666,0.24444444444444444,0.05172413793103448,0.013793103448275862,30,500,2,16.666666666666668,gaussian
OLS-TE,0.5132743362831859,0.4264705882352941,0.6444444444444445,0.05172413793103448,0.07816091954022988,30,500,2,16.666666666666668,gaussian
LASSO-TE,0.2692307692307692,1.0,0.15555555555555556,0.05172413793103448,0.008045977011494253,30,500,3,16.666666666666668,gaussian
OLS-TE,0.45714285714285713,0.4,0.5333333333333333,0.05172413793103448,0.06896551724137931,30,500,3,16.666666666666668,gaussian
LASSO-TE,0.15384615384615385,0.5714285714285714,0.08888888888888889,0.05172413793103448,0.008045977011494253,30,500,4,16.666666666666668,gaussian
OLS-TE,0.42592592592592593,0.36507936507936506,0.5111111111111111,0.05172413793103448,0.07241379310344828,30,500,4,16.666666666666668,gaussian
LASSO-TE,0.35714285714285715,0.9090909090909091,0.2222222222222222,0.05172413793103448,0.01264367816091954,30,500,5,16.666666666666668,gaussian
OLS-TE,0.4716981132075472,0.4098360655737705,0.5555555555555556,0.05172413793103448,0.07011494252873564,30,500,5,16.666666666666668,gaussian
LASSO-TE,0.16326530612244897,1.0,0.08888888888888889,0.05172413793103448,0.004597701149425287,30,500,6,16.666666666666668,gaussian
OLS-TE,0.43859649122807015,0.36231884057971014,0.5555555555555556,0.05172413793103448,0.07931034482758621,30,500,6,16.666666666666668,gaussian
LASSO-TE,0.38596491228070173,0.9166666666666666,0.24444444444444444,0.05172413793103448,0.013793103448275862,30,500,7,16.666666666666668,gaussian
OLS-TE,0.5,0.4,0.6666666666666666,0.05172413793103448,0.08620689655172414,30,500,7,16.666666666666668,gaussian
LASSO-TE,0.23529411764705882,1.0,0.13333333333333333,0.05172413793103448,0.006896551724137931,30,500,8,16.666666666666668,gaussian
OLS-TE,0.45045045045045046,0.3787878787878788,0.5555555555555556,0.05172413793103448,0.07586206896551724,30,500,8,16.666666666666668,gaussian
LASSO-TE,0.2641509433962264,0.875,0.15555555555555556,0.05172413793103448,0.009195402298850575,30,500,9,16.666666666666668,gaussian
OLS-TE,0.44,0.4,0.4888888888888889,0.05172413793103448,0.06321839080459771,30,500,9,16.666666666666668,gaussian
LASSO-TE,0.012987012987012988,0.034482758620689655,0.008,0.05102040816326531,0.01183673469387755,50,60,0,1.2,gaussian
OLS-TE,0.11627906976744186,0.11278195488721804,0.12,0.05102040816326531,0.054285714285714284,50,60,0,1.2,gaussian
LASSO-TE,0.044444444444444446,0.3,0.024,0.05102040816326531,0.004081632653061225,50,60,1,1.2,gaussian
OLS-TE,0.11382113821138211,0.11570247933884298,0.112,0.05102040816326531,0.04938775510204082,50,60,1,1.2,gaussian
LASSO-TE,0.043478260869565216,0.23076923076923078,0.024,0.05102040816326531,0.005306122448979592,50,60,2,1.2,gaussian
OLS-TE,0.12295081967213115,0.12605042016806722,0.12,0.05102040816326531,0.04857142857142857,50,60,2,1.2,gaussian
LASSO-TE,0.027210884353741496,0.09090909090909091,0.016,0.05102040816326531,0.008979591836734694,50,60,3,1.2,gaussian
OLS-TE,0.1076923076923077,0.1037037037037037,0.112,0.05102040816326531,0.05510204081632653,50,60,3,1.2,gaussian
LASSO-TE,0.043795620437956206,0.25,0.024,0.05102040816326531,0.004897959183673469,50,60,4,1.2,gaussian
OLS-TE,0.16393442622950818,0.16806722689075632,0.16,0.05102040816326531,0.04857142857142857,50,60,4,1.2,gaussian
LASSO-TE,0.013888888888888888,0.05263157894736842,0.008,0.05102040816326531,0.007755102040816327,50,60,5,1.2,gaussian
OLS-TE,0.2134387351778656,0.2109375,0.216,0.05102040816326531,0.052244897959183675,50,60,5,1.2,gaussian
LASSO-TE,0.02962962962962963,0.2,0.016,0.05102040816326531,0.004081632653061225,50,60,6,1.2,gaussian
OLS-TE,0.1532567049808429,0.14705882352941177,0.16,0.05102040816326531,0.05551020408163265,50,60,6,1.2,gaussian
LASSO-TE,0.0,0.0,0.0,0.05102040816326531,0.007755102040816327,50,60,7,1.2,gaussian
OLS-TE,0.10566037735849057,0.1,0.112,0.05102040816326531,0.05714285714285714,50,60,7,1.2,gaussian
LASSO-TE,0.06578947368421052,0.18518518518518517,0.04,0.05102040816326531,0.011020408163265306,50,60,8,1.2,gaussian
OLS-TE,0.17490494296577946,0.16666666666666666,0.184,0.05102040816326531,0.0563265306122449,50,60,8,1.2,gaussian
LASSO-TE,0.07947019867549669,0.23076923076923078,0.048,0.05102040816326531,0.010612244897959184,50,60,9,1.2,gaussian
OLS-TE,0.15267175572519084,0.145985401459854,0.16,0.05102040816326531,0.05591836734693877,50,60,9,1.2,gaussian
LASSO-TE,0.07462686567164178,0.5555555555555556,0.04,0.05102040816326531,0.003673469387755102,50,120,0,2.4,gaussian
OLS-TE,0.18326693227091634,0.18253968253968253,0.184,0.05102040816326531,0.05142857142857143,50,120,0,2.4,gaussian
LASSO-TE,0.03076923076923077,0.4,0.016,0.05102040816326531,0.0020408163265306124,50,120,1,2.4,gaussian
OLS-TE,0.20689655172413793,0.19852941176470587,0.216,0.05102040816326531,0.05551020408163265,50,120,1,2.4,gaussian
LASSO-TE,0.030303030303030304,0.2857142857142857,0.016,0.05102040816326531,0.002857142857142857,50,120,2,2.4,gaussian
OLS-TE,0.21374045801526717,0.20437956204379562,0.224,0.05102040816326531,0.05591836734693877,50,120,2,2.4,gaussian
LASSO-TE,0.0,0.0,0.0,0.05102040816326531,0.0020408163265306124,50,120,3,2.4,gaussian
OLS-TE,0.1728395061728395,0.17796610169491525,0.168,0.05102040816326531,0.04816326530612245,50,120,3,2.4,gaussian
LASSO-TE,0.030303030303030304,0.2857142857142857,0.016,0.05102040816326531,0.002857142857142857,50,120,4,2.4,gaussian
OLS-TE,0.2248062015503876,0.21804511278195488,0.232,0.05102040816326531,0.054285714285714284,50,120,4,2.4,gaussian
LASSO-TE,0.015503875968992248,0.25,0.008,0.05102040816326531,0.0016326530612244899,50,120,5,2.4,gaussian
OLS-TE,0.18705035971223022,0.16993464052287582,0.208,0.05102040816326531,0.062448979591836734,50,120,5,2.4,gaussian
LASSO-TE,0.03125,0.6666666666666666,0.016,0.05102040816326531,0.0012244897959183673,50,120,6,2.4,gaussian
OLS-TE,0.21660649819494585,0.19736842105263158,0.24,0.05102040816326531,0.062040816326530614,50,120,6,2.4,gaussian
LASSO-TE,0.0,0.0,0.0,0.05102040816326531,0.0016326530612244899,50,120,7,2.4,gaussian
OLS-TE,0.20080321285140562,0.20161290322580644,0.2,0.05102040816326531,0.05061224489795919,50,120,7,2.4,gaussian
LASSO-TE,0.06060606060606061,0.5714285714285714,0.032,0.05102040816326531,0.002857142857142857,50,120,8,2.4,gaussian
OLS-TE,0.15267175572519084,0.145985401459854,0.16,0.05102040816326531,0.05591836734693877,50,120,8,2.4,gaussian
LASSO-TE,0.03125,0.6666666666666666,0.016,0.05102040816326531,0.0012244897959183673,50,120,9,2.4,gaussian
OLS-TE,0.1862348178137652,0.1885245901639344,0.184,0.05102040816326531,0.04979591836734694,50,120,9,2.4,gaussian
LASSO-TE,0.13333333333333333,0.9,0.072,0.05102040816326531,0.004081632653061225,50,250,0,5.0,gaussian
OLS-TE,0.32525951557093424,0.2865853658536585,0.376,0.05102040816326531,0.06693877551020408,50,250,0,5.0,gaussian
LASSO-TE,0.21428571428571427,1.0,0.12,0.05102040816326531,0.006122448979591836,50,250,1,5.0,gaussian
OLS-TE,0.3490909090909091,0.32,0.384,0.05102040816326531,0.061224489795918366,50,250,1,5.0,gaussian
LASSO-TE,0.1044776119402985,0.7777777777777778,0.056,0.05102040816326531,0.003673469387755102,50,250,2,5.0,gaussian
OLS-TE,0.2837370242214533,0.25,0.328,0.05102040816326531,0.06693877551020408,50,250,2,5.0,gaussian
LASSO-TE,0.11764705882352941,0.7272727272727273,0.064,0.05102040816326531,0.004489795918367347,50,250,3,5.0,gaussian
OLS-TE,0.311787072243346,0.2971014492753623,0.328,0.05102040816326531,0.0563265306122449,50,250,3,5.0,gaussian
LASSO-TE,0.04580152671755725,0.5,0.024,0.05102040816326531,0.0024489795918367346,50,250,4,5.0,gaussian
OLS-TE,0.34507042253521125,0.3081761006289308,0.392,0.05102040816326531,0.06489795918367347,50,250,4,5.0,gaussian
LASSO-TE,0.11764705882352941,0.7272727272727273,0.064,0.05102040816326531,0.004489795918367347,50,250,5,5.0,gaussian
OLS-TE,0.34146341463414637,0.30246913580246915,0.392,0.05102040816326531,0.06612244897959184,50,250,5,5.0,gaussian
LASSO-TE,0.11940298507462686,0.8888888888888888,0.064,0.05102040816326531,0.003673469387755102,50,250,6,5.0,gaussian
OLS-TE,0.3333333333333333,0.281767955801105,0.408,0.05102040816326531,0.07387755102040816,50,250,6,5.0,gaussian
LASSO-TE,0.11851851851851852,0.8,0.064,0.05102040816326531,0.004081632653061225,50,250,7,5.0,gaussian
OLS-TE,0.30927835051546393,0.2710843373493976,0.36,0.05102040816326531,0.06775510204081632,50,250,7,5.0,gaussian
LASSO-TE,0.11851851851851852,0.8,0.064,0.05102040816326531,0.004081632653061225,50,250,8,5.0,gaussian
OLS-TE,0.2888086642599278,0.2631578947368421,0.32,0.05102040816326531,0.062040816326530614,50,250,8,5.0,gaussian
LASSO-TE,0.1323529411764706,0.8181818181818182,0.072,0.05102040816326531,0.004489795918367347,50,250,9,5.0,gaussian
OLS-TE,0.2949640287769784,0.2679738562091503,0.328,0.05102040816326531,0.062448979591836734,50,250,9,5.0,gaussian
LASSO-TE,0.2127659574468085,0.9375,0.12,0.05102040816326531,0.006530612244897959,50,500,0,10.0,gaussian
OLS-TE,0.45714285714285713,0.37894736842105264,0.576,0.05102040816326531,0.07755102040816327,50,500,0,10.0,gaussian
LASSO-TE,0.16176470588235295,1.0,0.088,0.05102040816326531,0.004489795918367347,50,500,1,10.0,gaussian
OLS-TE,0.4968944099378882,0.40609137055837563,0.64,0.05102040816326531,0.08040816326530613,50,500,1,10.0,gaussian
LASSO-TE,0.2876712328767123,1.0,0.168,0.05102040816326531,0.008571428571428572,50,500,2,10.0,gaussian
OLS-TE,0.5286624203821656,0.43915343915343913,0.664,0.05102040816326531,0.07714285714285714,50,500,2,10.0,gaussian
LASSO-TE,0.24489795918367346,0.8181818181818182,0.144,0.05102040816326531,0.008979591836734694,50,500,3,10.0,gaussian
OLS-TE,0.45454545454545453,0.3825136612021858,0.56,0.05102040816326531,0.0746938775510204,50,500,3,10.0,gaussian
LASSO-TE,0.22377622377622378,0.8888888888888888,0.128,0.05102040816326531,0.007346938775510204,50,500,4,10.0,gaussian
OLS-TE,0.4807692307692308,0.40106951871657753,0.6,0.05102040816326531,0.0763265306122449,50,500,4,10.0,gaussian
LASSO-TE,0.23943661971830985,1.0,0.136,0.05102040816326531,0.0069387755102040816,50,500,5,10.0,gaussian
OLS-TE,0.4375,0.38650306748466257,0.504,0.05102040816326531,0.06653061224489797,50,500,5,10.0,gaussian
LASSO-TE,0.2127659574468085,0.9375,0.12,0.05102040816326531,0.006530612244897959,50,500,6,10.0,gaussian
OLS-TE,0.46258503401360546,0.40236686390532544,0.544,0.05102040816326531,0.06897959183673469,50,500,6,10.0,gaussian
LASSO-TE,0.21428571428571427,1.0,0.12,0.05102040816326531,0.006122448979591836,50,500,7,10.0,gaussian
OLS-TE,0.49842271293375395,0.4114583333333333,0.632,0.05102040816326531,0.0783673469387755,50,500,7,10.0,gaussian
LASSO-TE,0.16058394160583941,0.9166666666666666,0.088,0.05102040816326531,0.004897959183673469,50,500,8,10.0,gaussian
OLS-TE,0.4662576687116564,0.3781094527363184,0.608,0.05102040816326531,0.08204081632653061,50,500,8,10.0,gaussian
LASSO-TE,0.23943661971830985,1.0,0.136,0.05102040816326531,0.0069387755102040816,50,500,9,10.0,gaussian
OLS-TE,0.5032679738562091,0.425414364640884,0.616,0.05102040816326531,0.07387755102040816,50,500,9,10.0,gaussian
LASSO-TE,0.007827788649706457,0.18181818181818182,0.004,0.050505050505050504,0.0011111111111111111,100,60,0,0.6,gaussian
OLS-TE,0.09441233140655106,0.09107806691449814,0.098,0.050505050505050504,0.054343434343434346,100,60,0,0.6,gaussian
LASSO-TE,0.007874015748031496,0.25,0.004,0.050505050505050504,0.0008080808080808081,100,60,1,0.6,gaussian
OLS-TE,0.10361681329423265,0.10133843212237094,0.106,0.050505050505050504,0.05282828282828283,100,60,1,0.6,gaussian
LASSO-TE,0.007782101167315175,0.14285714285714285,0.004,0.050505050505050504,0.0014141414141414141,100,60,2,0.6,gaussian
OLS-TE,0.11822660098522167,0.11650485436893204,0.12,0.050505050505050504,0.05202020202020202,100,60,2,0.6,gaussian
LASSO-TE,0.011627906976744186,0.1875,0.006,0.050505050505050504,0.0016161616161616162,100,60,3,0.6,gaussian
OLS-TE,0.10976744186046512,0.10260869565217391,0.118,0.050505050505050504,0.05808080808080808,100,60,3,0.6,gaussian
LASSO-TE,0.007766990291262136,0.13333333333333333,0.004,0.050505050505050504,0.0015151515151515152,100,60,4,0.6,gaussian
OLS-TE,0.11275964391691394,0.11154598825831702,0.114,0.050505050505050504,0.051616161616161615,100,60,4,0.6,gaussian
LASSO-TE,0.0038910505836575876,0.07142857142857142,0.002,0.050505050505050504,0.0014141414141414141,100,60,5,0.6,gaussian
OLS-TE,0.1252371916508539,0.11913357400722022,0.132,0.050505050505050504,0.05595959595959596,100,60,5,0.6,gaussian
LASSO-TE,0.003875968992248062,0.0625,0.002,0.050505050505050504,0.0016161616161616162,100,60,6,0.6,gaussian
OLS-TE,0.10642570281124498,0.10685483870967742,0.106,0.050505050505050504,0.050101010101010104,100,60,6,0.6,gaussian
LASSO-TE,0.026871401151631478,0.3333333333333333,0.014,0.050505050505050504,0.0021212121212121214,100,60,7,0.6,gaussian
OLS-TE,0.12903225806451613,0.12274368231046931,0.136,0.050505050505050504,0.05595959595959596,100,60,7,0.6,gaussian
LASSO-TE,0.011695906432748537,0.23076923076923078,0.006,0.050505050505050504,0.0013131313131313131,100,60,8,0.6,gaussian
OLS-TE,0.11619047619047619,0.11090909090909092,0.122,0.050505050505050504,0.05555555555555555,100,60,8,0.6,gaussian
LASSO-TE,0.007766990291262136,0.13333333333333333,0.004,0.050505050505050504,0.0015151515151515152,100,60,9,0.6,gaussian
OLS-TE,0.11466165413533834,0.10815602836879433,0.122,0.050505050505050504,0.05696969696969697,100,60,9,0.6,gaussian
LASSO-TE,0.007858546168958742,0.2222222222222222,0.004,0.050505050505050504,0.0009090909090909091,100,120,0,1.2,gaussian
OLS-TE,0.17685794920037629,0.1669626998223801,0.188,0.050505050505050504,0.05686868686868687,100,120,0,1.2,gaussian
LASSO-TE,0.007858546168958742,0.2222222222222222,0.004,0.050505050505050504,0.0009090909090909091,100,120,1,1.2,gaussian
OLS-TE,0.19092627599243855,0.18100358422939067,0.202,0.050505050505050504,0.056363636363636366,100,120,1,1.2,gaussian
LASSO-TE,0.04222648752399232,0.5238095238095238,0.022,0.050505050505050504,0.0021212121212121214,100,120,2,1.2,gaussian
OLS-TE,0.20243673851921273,0.19047619047619047,0.216,0.050505050505050504,0.057272727272727274,100,120,2,1.2,gaussian
LASSO-TE,0.03468208092485549,0.47368421052631576,0.018,0.050505050505050504,0.0019191919191919192,100,120,3,1.2,gaussian
OLS-TE,0.18762088974854932,0.18164794007490637,0.194,0.050505050505050504,0.05393939393939394,100,120,3,1.2,gaussian
LASSO-TE,0.023391812865497075,0.46153846153846156,0.012,0.050505050505050504,0.0013131313131313131,100,120,4,1.2,gaussian
OLS-TE,0.1889763779527559,0.18604651162790697,0.192,0.050505050505050504,0.052121212121212124,100,120,4,1.2,gaussian
LASSO-TE,0.02330097087378641,0.4,0.012,0.050505050505050504,0.0015151515151515152,100,120,5,1.2,gaussian
OLS-TE,0.1704119850187266,0.1602112676056338,0.182,0.050505050505050504,0.057373737373737375,100,120,5,1.2,gaussian
LASSO-TE,0.03131115459882583,0.7272727272727273,0.016,0.050505050505050504,0.0011111111111111111,100,120,6,1.2,gaussian
OLS-TE,0.1739961759082218,0.16666666666666666,0.182,0.050505050505050504,0.05515151515151515,100,120,6,1.2,gaussian
LASSO-TE,0.023529411764705882,0.6,0.012,0.050505050505050504,0.00101010101010101,100,120,7,1.2,gaussian
OLS-TE,0.19723502304147467,0.1829059829059829,0.214,0.050505050505050504,0.05909090909090909,100,120,7,1.2,gaussian
LASSO-TE,0.023483365949119372,0.5454545454545454,0.012,0.050505050505050504,0.0011111111111111111,100,120,8,1.2,gaussian
OLS-TE,0.15252621544327932,0.14571948998178508,0.16,0.050505050505050504,0.05545454545454546,100,120,8,1.2,gaussian
LASSO-TE,0.007827788649706457,0.18181818181818182,0.004,0.050505050505050504,0.0011111111111111111,100,120,9,1.2,gaussian
OLS-TE,0.19838056680161945,0.20081967213114754,0.196,0.050505050505050504,0.04929292929292929,100,120,9,1.2,gaussian
LASSO-TE,0.07662835249042145,0.9090909090909091,0.04,0.050505050505050504,0.0022222222222222222,100,250,0,2.5,gaussian
OLS-TE,0.32239925023430177,0.30335097001763667,0.344,0.050505050505050504,0.057272727272727274,100,250,0,2.5,gaussian
LASSO-TE,0.06165703275529865,0.8421052631578947,0.032,0.050505050505050504,0.0019191919191919192,100,250,1,2.5,gaussian
OLS-TE,0.31569817866435385,0.2787136294027565,0.364,0.050505050505050504,0.06595959595959595,100,250,1,2.5,gaussian
LASSO-TE,0.05394990366088632,0.7368421052631579,0.028,0.050505050505050504,0.0019191919191919192,100,250,2,2.5,gaussian
OLS-TE,0.327693677649154,0.2953451043338684,0.368,0.050505050505050504,0.06292929292929293,100,250,2,2.5,gaussian
LASSO-TE,0.02734375,0.5833333333333334,0.014,0.050505050505050504,0.0012121212121212121,100,250,3,2.5,gaussian
OLS-TE,0.3286467486818981,0.29310344827586204,0.374,0.050505050505050504,0.06444444444444444,100,250,3,2.5,gaussian
LASSO-TE,0.09073724007561437,0.8275862068965517,0.048,0.050505050505050504,0.0029292929292929295,100,250,4,2.5,gaussian
OLS-TE,0.2950530035335689,0.26424050632911394,0.334,0.050505050505050504,0.06383838383838383,100,250,4,2.5,gaussian
LASSO-TE,0.06896551724137931,0.8181818181818182,0.036,0.050505050505050504,0.0022222222222222222,100,250,5,2.5,gaussian
OLS-TE,0.3113456464379947,0.2778649921507064,0.354,0.050505050505050504,0.06434343434343434,100,250,5,2.5,gaussian
LASSO-TE,0.07604562737642585,0.7692307692307693,0.04,0.050505050505050504,0.0026262626262626263,100,250,6,2.5,gaussian
OLS-TE,0.3103448275862069,0.2840531561461794,0.342,0.050505050505050504,0.06080808080808081,100,250,6,2.5,gaussian
LASSO-TE,0.0690978886756238,0.8571428571428571,0.036,0.050505050505050504,0.0021212121212121214,100,250,7,2.5,gaussian
OLS-TE,0.3133393017009848,0.28363047001620745,0.35,0.050505050505050504,0.06232323232323232,100,250,7,2.5,gaussian
LASSO-TE,0.038834951456310676,0.6666666666666666,0.02,0.050505050505050504,0.0015151515151515152,100,250,8,2.5,gaussian
OLS-TE,0.31164069660861593,0.2876480541455161,0.34,0.050505050505050504,0.0596969696969697,100,250,8,2.5,gaussian
LASSO-TE,0.061895551257253385,0.9411764705882353,0.032,0.050505050505050504,0.0017171717171717172,100,250,9,2.5,gaussian
OLS-TE,0.3091703056768559,0.2744186046511628,0.354,0.050505050505050504,0.06515151515151515,100,250,9,2.5,gaussian
LASSO-TE,0.13382899628252787,0.9473684210526315,0.072,0.050505050505050504,0.0038383838383838384,100,500,0,5.0,gaussian
OLS-TE,0.4491114701130856,0.37669376693766937,0.556,0.050505050505050504,0.07454545454545454,100,500,0,5.0,gaussian
LASSO-TE,0.14760147601476015,0.9523809523809523,0.08,0.050505050505050504,0.004242424242424243,100,500,1,5.0,gaussian
OLS-TE,0.44983818770226536,0.37771739130434784,0.556,0.050505050505050504,0.07434343434343435,100,500,1,5.0,gaussian
LASSO-TE,0.13011152416356878,0.9210526315789473,0.07,0.050505050505050504,0.0038383838383838384,100,500,2,5.0,gaussian
OLS-TE,0.47571189279731996,0.4092219020172911,0.568,0.050505050505050504,0.0701010101010101,100,500,2,5.0,gaussian
LASSO-TE,0.14100185528756956,0.9743589743589743,0.076,0.050505050505050504,0.00393939393939394,100,500,3,5.0,gaussian
OLS-TE,0.4520654715510522,0.37037037037037035,0.58,0.050505050505050504,0.07909090909090909,100,500,3,5.0,gaussian
LASSO-TE,0.15129151291512916,0.9761904761904762,0.082,0.050505050505050504,0.004242424242424243,100,500,4,5.0,gaussian
OLS-TE,0.4873015873015873,0.4039473684210526,0.614,0.050505050505050504,0.07676767676767676,100,500,4,5.0,gaussian
LASSO-TE,0.15469613259668508,0.9767441860465116,0.084,0.050505050505050504,0.004343434343434344,100,500,5,5.0,gaussian
OLS-TE,0.47058823529411764,0.3940620782726046,0.584,0.050505050505050504,0.07484848484848484,100,500,5,5.0,gaussian
LASSO-TE,0.1308411214953271,1.0,0.07,0.050505050505050504,0.0035353535353535356,100,500,6,5.0,gaussian
OLS-TE,0.4298605414273995,0.36439499304589706,0.524,0.050505050505050504,0.07262626262626262,100,500,6,5.0,gaussian
LASSO-TE,0.10606060606060606,1.0,0.056,0.050505050505050504,0.0028282828282828283,100,500,7,5.0,gaussian
OLS-TE,0.4467408585055644,0.370712401055409,0.562,0.050505050505050504,0.07656565656565656,100,500,7,5.0,gaussian
LASSO-TE,0.13333333333333333,0.9,0.072,0.050505050505050504,0.00404040404040404,100,500,8,5.0,gaussian
OLS-TE,0.4776357827476038,0.3976063829787234,0.598,0.050505050505050504,0.07595959595959596,100,500,8,5.0,gaussian
LASSO-TE,0.10207939508506617,0.9310344827586207,0.054,0.050505050505050504,0.0029292929292929295,100,500,9,5.0,gaussian
OLS-TE,0.46245733788395904,0.40327380952380953,0.542,0.050505050505050504,0.06787878787878789,100,500,9,5.0,gaussian
LASSO-TE,0.06451612903225806,0.11764705882352941,0.044444444444444446,0.05172413793103448,0.01954022988505747,30,60,0,2.0,garch
OLS-TE,0.14705882352941177,0.10989010989010989,0.2222222222222222,0.05172413793103448,0.10459770114942529,30,60,0,2.0,garch
LASSO-TE,0.1111111111111111,0.3333333333333333,0.06666666666666667,0.05172413793103448,0.010344827586206896,30,60,1,2.0,garch
OLS-TE,0.16363636363636364,0.13846153846153847,0.2,0.05172413793103448,0.07471264367816093,30,60,1,2.0,garch
LASSO-TE,0.07272727272727272,0.2,0.044444444444444446,0.05172413793103448,0.011494252873563218,30,60,2,2.0,garch
OLS-TE,0.10714285714285714,0.08955223880597014,0.13333333333333333,0.05172413793103448,0.07701149425287357,30,60,2,2.0,garch
LASSO-TE,0.14285714285714285,0.36363636363636365,0.08888888888888889,0.05172413793103448,0.01264367816091954,30,60,3,2.0,garch
OLS-TE,0.15503875968992248,0.11904761904761904,0.2222222222222222,0.05172413793103448,0.09655172413793103,30,60,3,2.0,garch
LASSO-TE,0.23333333333333334,0.4666666666666667,0.15555555555555556,0.05172413793103448,0.017241379310344827,30,60,4,2.0,garch
OLS-TE,0.2542372881355932,0.2054794520547945,0.3333333333333333,0.05172413793103448,0.0839080459770115,30,60,4,2.0,garch
LASSO-TE,0.058823529411764705,0.08695652173913043,0.044444444444444446,0.05172413793103448,0.026436781609195402,30,60,5,2.0,garch
OLS-TE,0.10606060606060606,0.08045977011494253,0.15555555555555556,0.05172413793103448,0.1,30,60,5,2.0,garch
LASSO-TE,0.1016949152542373,0.21428571428571427,0.06666666666666667,0.05172413793103448,0.016091954022988506,30,60,6,2.0,garch
OLS-TE,0.14953271028037382,0.12903225806451613,0.17777777777777778,0.05172413793103448,0.07126436781609195,30,60,6,2.0,garch
LASSO-TE,0.10714285714285714,0.2727272727272727,0.06666666666666667,0.05172413793103448,0.01264367816091954,30,60,7,2.0,garch
OLS-TE,0.12962962962962962,0.1111111111111111,0.15555555555555556,0.05172413793103448,0.07241379310344828,30,60,7,2.0,garch
LASSO-TE,0.037037037037037035,0.1111111111111111,0.022222222222222223,0.05172413793103448,0.010344827586206896,30,60,8,2.0,garch
OLS-TE,0.21818181818181817,0.18461538461538463,0.26666666666666666,0.05172413793103448,0.07471264367816093,30,60,8,2.0,garch
LASSO-TE,0.34375,0.5789473684210527,0.24444444444444444,0.05172413793103448,0.021839080459770115,30,60,9,2.0,garch
OLS-TE,0.22388059701492538,0.16853932584269662,0.3333333333333333,0.05172413793103448,0.10229885057471265,30,60,9,2.0,garch
LASSO-TE,0.14814814814814814,0.4444444444444444,0.08888888888888889,0.05172413793103448,0.010344827586206896,30,120,0,4.0,garch
OLS-TE,0.1774193548387097,0.13924050632911392,0.24444444444444444,0.05172413793103448,0.09080459770114943,30,120,0,4.0,garch
LASSO-TE,0.36923076923076925,0.6,0.26666666666666666,0.05172413793103448,0.022988505747126436,30,120,1,4.0,garch
OLS-TE,0.2753623188405797,0.20430107526881722,0.4222222222222222,0.05172413793103448,0.10689655172413794,30,120,1,4.0,garch
LASSO-TE,0.1724137931034483,0.38461538461538464,0.1111111111111111,0.05172413793103448,0.014942528735632184,30,120,2,4.0,garch
OLS-TE,0.17054263565891473,0.13095238095238096,0.24444444444444444,0.05172413793103448,0.09655172413793103,30,120,2,4.0,garch
LASSO-TE,0.2413793103448276,0.5384615384615384,0.15555555555555556,0.05172413793103448,0.014942528735632184,30,120,3,4.0,garch
OLS-TE,0.2191780821917808,0.15841584158415842,0.35555555555555557,0.05172413793103448,0.11609195402298851,30,120,3,4.0,garch
LASSO-TE,0.19607843137254902,0.8333333333333334,0.1111111111111111,0.05172413793103448,0.006896551724137931,30,120,4,4.0,garch
OLS-TE,0.171875,0.13253012048192772,0.24444444444444444,0.05172413793103448,0.09540229885057472,30,120,4,4.0,garch
LASSO-TE,0.07017543859649122,0.16666666666666666,0.044444444444444446,0.05172413793103448,0.013793103448275862,30,120,5,4.0,garch
OLS-TE,0.06722689075630252,0.05405405405405406,0.08888888888888889,0.05172413793103448,0.08505747126436781,30,120,5,4.0,garch
LASSO-TE,0.3389830508474576,0.7142857142857143,0.2222222222222222,0.05172413793103448,0.016091954022988506,30,120,6,4.0,garch
OLS-TE,0.35658914728682173,0.27380952380952384,0.5111111111111111,0.05172413793103448,0.09655172413793103,30,120,6,4.0,garch
LASSO-TE,0.22950819672131148,0.4375,0.15555555555555556,0.05172413793103448,0.01839080459770115,30,120,7,4.0,garch
OLS-TE,0.183206106870229,0.13953488372093023,0.26666666666666666,0.05172413793103448,0.09885057471264368,30,120,7,4.0,garch
LASSO-TE,0.10714285714285714,0.2727272727272727,0.06666666666666667,0.05172413793103448,0.01264367816091954,30,120,8,4.0,garch
OLS-TE,0.18309859154929578,0.13402061855670103,0.28888888888888886,0.05172413793103448,0.11149425287356322,30,120,8,4.0,garch
LASSO-TE,0.4126984126984127,0.7222222222222222,0.28888888888888886,0.05172413793103448,0.020689655172413793,30,120,9,4.0,garch
OLS-TE,0.3013698630136986,0.21782178217821782,0.4888888888888889,0.05172413793103448,0.11609195402298851,30,120,9,4.0,garch
LASSO-TE,0.24242424242424243,0.38095238095238093,0.17777777777777778,0.05172413793103448,0.02413793103448276,30,250,0,8.333333333333334,garch
OLS-TE,0.2236842105263158,0.1588785046728972,0.37777777777777777,0.05172413793103448,0.12298850574712644,30,250,0,8.333333333333334,garch
LASSO-TE,0.5633802816901409,0.7692307692307693,0.4444444444444444,0.05172413793103448,0.029885057471264367,30,250,1,8.333333333333334,garch
OLS-TE,0.2937853107344633,0.19696969696969696,0.5777777777777777,0.05172413793103448,0.15172413793103448,30,250,1,8.333333333333334,garch
LASSO-TE,0.3235294117647059,0.4782608695652174,0.24444444444444444,0.05172413793103448,0.026436781609195402,30,250,2,8.333333333333334,garch
OLS-TE,0.27672955974842767,0.19298245614035087,0.4888888888888889,0.05172413793103448,0.1310344827586207,30,250,2,8.333333333333334,garch
LASSO-TE,0.3283582089552239,0.5,0.24444444444444444,0.05172413793103448,0.02528735632183908,30,250,3,8.333333333333334,garch
OLS-TE,0.1839080459770115,0.12403100775193798,0.35555555555555557,0.05172413793103448,0.1482758620689655,30,250,3,8.333333333333334,garch
LASSO-TE,0.4594594594594595,0.5862068965517241,0.37777777777777777,0.05172413793103448,0.03333333333333333,30,250,4,8.333333333333334,garch
OLS-TE,0.2681564245810056,0.1791044776119403,0.5333333333333333,0.05172413793103448,0.15402298850574714,30,250,4,8.333333333333334,garch
LASSO-TE,0.31746031746031744,0.5555555555555556,0.2222222222222222,0.05172413793103448,0.020689655172413793,30,250,5,8.333333333333334,garch
OLS-TE,0.2676056338028169,0.1958762886597938,0.4222222222222222,0.05172413793103448,0.11149425287356322,30,250,5,8.333333333333334,garch
LASSO-TE,0.3235294117647059,0.4782608695652174,0.24444444444444444,0.05172413793103448,0.026436781609195402,30,250,6,8.333333333333334,garch
OLS-TE,0.2891566265060241,0.19834710743801653,0.5333333333333333,0.05172413793103448,0.13908045977011493,30,250,6,8.333333333333334,garch
LASSO-TE,0.27692307692307694,0.45,0.2,0.05172413793103448,0.022988505747126436,30,250,7,8.333333333333334,garch
OLS-TE,0.20540540540540542,0.1357142857142857,0.4222222222222222,0.05172413793103448,0.16091954022988506,30,250,7,8.333333333333334,garch
LASSO-TE,0.4864864864864865,0.6206896551724138,0.4,0.05172413793103448,0.03333333333333333,30,250,8,8.333333333333334,garch
OLS-TE,0.2978723404255319,0.1958041958041958,0.6222222222222222,0.05172413793103448,0.16436781609195403,30,250,8,8.333333333333334,garch
LASSO-TE,0.40625,0.6842105263157895,0.28888888888888886,0.05172413793103448,0.021839080459770115,30,250,9,8.333333333333334,garch
OLS-TE,0.2876712328767123,0.2079207920792079,0.4666666666666667,0.05172413793103448,0.11609195402298851,30,250,9,8.333333333333334,garch
LASSO-TE,0.5185185185185185,0.5833333333333334,0.4666666666666667,0.05172413793103448,0.041379310344827586,30,500,0,16.666666666666668,garch
OLS-TE,0.24369747899159663,0.15025906735751296,0.6444444444444445,0.05172413793103448,0.2218390804597701,30,500,0,16.666666666666668,garch
LASSO-TE,0.5822784810126582,0.6764705882352942,0.5111111111111111,0.05172413793103448,0.03908045977011494,30,500,1,16.666666666666668,garch
OLS-TE,0.29333333333333333,0.18333333333333332,0.7333333333333333,0.05172413793103448,0.20689655172413793,30,500,1,16.666666666666668,garch
LASSO-TE,0.39436619718309857,0.5384615384615384,0.3111111111111111,0.05172413793103448,0.029885057471264367,30,500,2,16.666666666666668,garch
OLS-TE,0.27906976744186046,0.1889763779527559,0.5333333333333333,0.05172413793103448,0.14597701149425288,30,500,2,16.666666666666668,garch
LASSO-TE,0.5945945945945946,0.7586206896551724,0.4888888888888889,0.05172413793103448,0.03333333333333333,30,500,3,16.666666666666668,garch
OLS-TE,0.3236994219653179,0.21875,0.6222222222222222,0.05172413793103448,0.1471264367816092,30,500,3,16.666666666666668,garch
LASSO-TE,0.4864864864864865,0.6206896551724138,0.4,0.05172413793103448,0.03333333333333333,30,500,4,16.666666666666668,garch
OLS-TE,0.3023255813953488,0.2047244094488189,0.5777777777777777,0.05172413793103448,0.14597701149425288,30,500,4,16.666666666666668,garch
LASSO-TE,0.5316455696202531,0.6176470588235294,0.4666666666666667,0.05172413793103448,0.03908045977011494,30,500,5,16.666666666666668,garch
OLS-TE,0.378698224852071,0.25806451612903225,0.7111111111111111,0.05172413793103448,0.1425287356321839,30,500,5,16.666666666666668,garch
LASSO-TE,0.5142857142857142,0.72,0.4,0.05172413793103448,0.028735632183908046,30,500,6,16.666666666666668,garch
OLS-TE,0.22510822510822512,0.13978494623655913,0.5777777777777777,0.05172413793103448,0.21379310344827587,30,500,6,16.666666666666668,garch
LASSO-TE,0.5934065934065934,0.5869565217391305,0.6,0.05172413793103448,0.052873563218390804,30,500,7,16.666666666666668,garch
OLS-TE,0.24060150375939848,0.14479638009049775,0.7111111111111111,0.05172413793103448,0.2540229885057471,30,500,7,16.666666666666668,garch
LASSO-TE,0.5853658536585366,0.6486486486486487,0.5333333333333333,0.05172413793103448,0.04252873563218391,30,500,8,16.666666666666668,garch
OLS-TE,0.27835051546391754,0.18120805369127516,0.6,0.05172413793103448,0.17126436781609194,30,500,8,16.666666666666668,garch
LASSO-TE,0.48,0.6,0.4,0.05172413793103448,0.034482758620689655,30,500,9,16.666666666666668,garch
OLS-TE,0.21390374331550802,0.14084507042253522,0.4444444444444444,0.05172413793103448,0.1632183908045977,30,500,9,16.666666666666668,garch
LASSO-TE,0.0958904109589041,0.3333333333333333,0.056,0.05102040816326531,0.008571428571428572,50,60,0,1.2,garch
OLS-TE,0.13968253968253969,0.11578947368421053,0.176,0.05102040816326531,0.07755102040816327,50,60,0,1.2,garch
LASSO-TE,0.13953488372093023,0.2553191489361702,0.096,0.05102040816326531,0.019183673469387756,50,60,1,1.2,garch
OLS-TE,0.16025641025641027,0.13368983957219252,0.2,0.05102040816326531,0.0763265306122449,50,60,1,1.2,garch
LASSO-TE,0.058394160583941604,0.3333333333333333,0.032,0.05102040816326531,0.004897959183673469,50,60,2,1.2,garch
OLS-TE,0.1267605633802817,0.11320754716981132,0.144,0.05102040816326531,0.06489795918367347,50,60,2,1.2,garch
LASSO-TE,0.11695906432748537,0.21739130434782608,0.08,0.05102040816326531,0.018775510204081632,50,60,3,1.2,garch
OLS-TE,0.1308411214953271,0.10714285714285714,0.168,0.05102040816326531,0.08,50,60,3,1.2,garch
LASSO-TE,0.10256410256410256,0.25806451612903225,0.064,0.05102040816326531,0.012653061224489797,50,60,4,1.2,garch
OLS-TE,0.15789473684210525,0.12442396313364056,0.216,0.05102040816326531,0.08857142857142856,50,60,4,1.2,garch
LASSO-TE,0.11392405063291139,0.2727272727272727,0.072,0.05102040816326531,0.013469387755102041,50,60,5,1.2,garch
OLS-TE,0.17647058823529413,0.13953488372093023,0.24,0.05102040816326531,0.08775510204081632,50,60,5,1.2,garch
LASSO-TE,0.057971014492753624,0.3076923076923077,0.032,0.05102040816326531,0.005306122448979592,50,60,6,1.2,garch
OLS-TE,0.13725490196078433,0.11602209944751381,0.168,0.05102040816326531,0.07387755102040816,50,60,6,1.2,garch
LASSO-TE,0.0425531914893617,0.1875,0.024,0.05102040816326531,0.006530612244897959,50,60,7,1.2,garch
OLS-TE,0.20189274447949526,0.16666666666666666,0.256,0.05102040816326531,0.0783673469387755,50,60,7,1.2,garch
LASSO-TE,0.06172839506172839,0.13513513513513514,0.04,0.05102040816326531,0.015102040816326531,50,60,8,1.2,garch
OLS-TE,0.1461794019933555,0.125,0.176,0.05102040816326531,0.07183673469387755,50,60,8,1.2,garch
LASSO-TE,0.06493506493506493,0.1724137931034483,0.04,0.05102040816326531,0.01183673469387755,50,60,9,1.2,garch
OLS-TE,0.12944983818770225,0.10869565217391304,0.16,0.05102040816326531,0.07510204081632653,50,60,9,1.2,garch
LASSO-TE,0.22929936305732485,0.5625,0.144,0.05102040816326531,0.013061224489795919,50,120,0,2.4,garch
OLS-TE,0.20207253886010362,0.14942528735632185,0.312,0.05102040816326531,0.10653061224489796,50,120,0,2.4,garch
LASSO-TE,0.2360248447204969,0.5277777777777778,0.152,0.05102040816326531,0.014693877551020407,50,120,1,2.4,garch
OLS-TE,0.1928721174004193,0.13068181818181818,0.368,0.05102040816326531,0.1436734693877551,50,120,1,2.4,garch
LASSO-TE,0.19607843137254902,0.5357142857142857,0.12,0.05102040816326531,0.011428571428571429,50,120,2,2.4,garch
OLS-TE,0.2537313432835821,0.18411552346570398,0.408,0.05102040816326531,0.11306122448979591,50,120,2,2.4,garch
LASSO-TE,0.14285714285714285,0.6666666666666666,0.08,0.05102040816326531,0.006122448979591836,50,120,3,2.4,garch
OLS-TE,0.2054380664652568,0.1650485436893204,0.272,0.05102040816326531,0.08408163265306122,50,120,3,2.4,garch
LASSO-TE,0.2,0.45714285714285713,0.128,0.05102040816326531,0.014285714285714285,50,120,4,2.4,garch
OLS-TE,0.2268041237113402,0.16730038022813687,0.352,0.05102040816326531,0.1073469387755102,50,120,4,2.4,garch
LASSO-TE,0.20134228187919462,0.625,0.12,0.05102040816326531,0.009795918367346938,50,120,5,2.4,garch
OLS-TE,0.2,0.1471698113207547,0.312,0.05102040816326531,0.10816326530612246,50,120,5,2.4,garch
LASSO-TE,0.2631578947368421,0.7407407407407407,0.16,0.05102040816326531,0.011020408163265306,50,120,6,2.4,garch
OLS-TE,0.24861878453038674,0.189873417721519,0.36,0.05102040816326531,0.09673469387755101,50,120,6,2.4,garch
LASSO-TE,0.2111801242236025,0.4722222222222222,0.136,0.05102040816326531,0.014693877551020407,50,120,7,2.4,garch
OLS-TE,0.19090909090909092,0.13333333333333333,0.336,0.05102040816326531,0.12857142857142856,50,120,7,2.4,garch
LASSO-TE,0.12413793103448276,0.45,0.072,0.05102040816326531,0.00816326530612245,50,120,8,2.4,garch
OLS-TE,0.2047244094488189,0.15234375,0.312,0.05102040816326531,0.10448979591836735,50,120,8,2.4,garch
LASSO-TE,0.12413793103448276,0.45,0.072,0.05102040816326531,0.00816326530612245,50,120,9,2.4,garch
OLS-TE,0.19248826291079812,0.1362126245847176,0.328,0.05102040816326531,0.12285714285714286,50,120,9,2.4,garch
LASSO-TE,0.4342857142857143,0.76,0.304,0.05102040816326531,0.02040816326530612,50,250,0,5.0,garch
OLS-TE,0.22580645161290322,0.1414141414141414,0.56,0.05102040816326531,0.20204081632653062,50,250,0,5.0,garch
LASSO-TE,0.35,0.8,0.224,0.05102040816326531,0.014285714285714285,50,250,1,5.0,garch
OLS-TE,0.26634382566585957,0.1909722222222222,0.44,0.05102040816326531,0.11755102040816326,50,250,1,5.0,garch
LASSO-TE,0.34355828220858897,0.7368421052631579,0.224,0.05102040816326531,0.015510204081632653,50,250,2,5.0,garch
OLS-TE,0.25523012552301255,0.17280453257790368,0.488,0.05102040816326531,0.14408163265306123,50,250,2,5.0,garch
LASSO-TE,0.39263803680981596,0.8421052631578947,0.256,0.05102040816326531,0.015510204081632653,50,250,3,5.0,garch
OLS-TE,0.24455611390284757,0.15466101694915255,0.584,0.05102040816326531,0.1926530612244898,50,250,3,5.0,garch
LASSO-TE,0.43373493975903615,0.8780487804878049,0.288,0.05102040816326531,0.01673469387755102,50,250,4,5.0,garch
OLS-TE,0.2591792656587473,0.17751479289940827,0.48,0.05102040816326531,0.13795918367346938,50,250,4,5.0,garch
LASSO-TE,0.3253012048192771,0.6585365853658537,0.216,0.05102040816326531,0.01673469387755102,50,250,5,5.0,garch
OLS-TE,0.28368794326241137,0.20134228187919462,0.48,0.05102040816326531,0.12163265306122449,50,250,5,5.0,garch
LASSO-TE,0.36129032258064514,0.9333333333333333,0.224,0.05102040816326531,0.012244897959183673,50,250,6,5.0,garch
OLS-TE,0.272108843537415,0.189873417721519,0.48,0.05102040816326531,0.12897959183673469,50,250,6,5.0,garch
LASSO-TE,0.2929936305732484,0.71875,0.184,0.05102040816326531,0.013061224489795919,50,250,7,5.0,garch
OLS-TE,0.25339366515837103,0.17665615141955837,0.448,0.05102040816326531,0.1293877551020408,50,250,7,5.0,garch
LASSO-TE,0.4074074074074074,0.8918918918918919,0.264,0.05102040816326531,0.015102040816326531,50,250,8,5.0,garch
OLS-TE,0.2956120092378753,0.2077922077922078,0.512,0.05102040816326531,0.12571428571428572,50,250,8,5.0,garch
LASSO-TE,0.3473053892215569,0.6904761904761905,0.232,0.05102040816326531,0.017142857142857144,50,250,9,5.0,garch
OLS-TE,0.27571115973741794,0.1897590361445783,0.504,0.05102040816326531,0.13551020408163264,50,250,9,5.0,garch
LASSO-TE,0.5151515151515151,0.6986301369863014,0.408,0.05102040816326531,0.02979591836734694,50,500,0,10.0,garch
OLS-TE,0.15267175572519084,0.0866738894907909,0.64,0.05102040816326531,0.37673469387755104,50,500,0,10.0,garch
LASSO-TE,0.4421052631578947,0.6461538461538462,0.336,0.05102040816326531,0.026530612244897958,50,500,1,10.0,garch
OLS-TE,0.20871862615587847,0.125,0.632,0.05102040816326531,0.25795918367346937,50,500,1,10.0,garch
LASSO-TE,0.5786802030456852,0.7916666666666666,0.456,0.05102040816326531,0.029387755102040815,50,500,2,10.0,garch
OLS-TE,0.18818380743982493,0.10899873257287707,0.688,0.05102040816326531,0.3220408163265306,50,500,2,10.0,garch
LASSO-TE,0.5425531914893617,0.8095238095238095,0.408,0.05102040816326531,0.025714285714285714,50,500,3,10.0,garch
OLS-TE,0.20196353436185133,0.12244897959183673,0.576,0.05102040816326531,0.24,50,500,3,10.0,garch
LASSO-TE,0.6528497409326425,0.9264705882352942,0.504,0.05102040816326531,0.027755102040816326,50,500,4,10.0,garch
OLS-TE,0.2103825136612022,0.12685337726523888,0.616,0.05102040816326531,0.24775510204081633,50,500,4,10.0,garch
LASSO-TE,0.5444444444444444,0.8909090909090909,0.392,0.05102040816326531,0.022448979591836733,50,500,5,10.0,garch
OLS-TE,0.20718232044198895,0.12520868113522537,0.6,0.05102040816326531,0.24448979591836734,50,500,5,10.0,garch
LASSO-TE,0.5789473684210527,0.8461538461538461,0.44,0.05102040816326531,0.026530612244897958,50,500,6,10.0,garch
OLS-TE,0.22720897615708274,0.1377551020408163,0.648,0.05102040816326531,0.24,50,500,6,10.0,garch
LASSO-TE,0.6598984771573604,0.9027777777777778,0.52,0.05102040816326531,0.029387755102040815,50,500,7,10.0,garch
OLS-TE,0.28431372549019607,0.17864476386036962,0.696,0.05102040816326531,0.19877551020408163,50,500,7,10.0,garch
LASSO-TE,0.5588235294117647,0.7215189873417721,0.456,0.05102040816326531,0.03224489795918367,50,500,8,10.0,garch
OLS-TE,0.21195652173913043,0.1276595744680851,0.624,0.05102040816326531,0.2493877551020408,50,500,8,10.0,garch
LASSO-TE,0.5240641711229946,0.7903225806451613,0.392,0.05102040816326531,0.025306122448979593,50,500,9,10.0,garch
OLS-TE,0.2222222222222222,0.13556338028169015,0.616,0.05102040816326531,0.23183673469387756,50,500,9,10.0,garch
LASSO-TE,0.041353383458646614,0.34375,0.022,0.050505050505050504,0.0032323232323232323,100,60,0,0.6,garch
OLS-TE,0.14499252615844543,0.11575178997613365,0.194,0.050505050505050504,0.08464646464646465,100,60,0,0.6,garch
LASSO-TE,0.06049149338374291,0.5517241379310345,0.032,0.050505050505050504,0.0029292929292929295,100,60,1,0.6,garch
OLS-TE,0.18037518037518038,0.14108352144469527,0.25,0.050505050505050504,0.08949494949494949,100,60,1,0.6,garch
LASSO-TE,0.06779661016949153,0.5806451612903226,0.036,0.050505050505050504,0.0031313131313131315,100,60,2,0.6,garch
OLS-TE,0.15168539325842698,0.11688311688311688,0.216,0.050505050505050504,0.09333333333333334,100,60,2,0.6,garch
LASSO-TE,0.049429657794676805,0.5,0.026,0.050505050505050504,0.0026262626262626263,100,60,3,0.6,garch
OLS-TE,0.13039934800325997,0.11004126547455295,0.16,0.050505050505050504,0.07343434343434344,100,60,3,0.6,garch
LASSO-TE,0.07850467289719626,0.6,0.042,0.050505050505050504,0.0035353535353535356,100,60,4,0.6,garch
OLS-TE,0.15930485155684287,0.12485811577752554,0.22,0.050505050505050504,0.088989898989899,100,60,4,0.6,garch
LASSO-TE,0.0497131931166348,0.5652173913043478,0.026,0.050505050505050504,0.0023232323232323234,100,60,5,0.6,garch
OLS-TE,0.16417910447761194,0.13095238095238096,0.22,0.050505050505050504,0.08484848484848485,100,60,5,0.6,garch
LASSO-TE,0.03773584905660377,0.3333333333333333,0.02,0.050505050505050504,0.0030303030303030303,100,60,6,0.6,garch
OLS-TE,0.15615141955835962,0.12890625,0.198,0.050505050505050504,0.07757575757575758,100,60,6,0.6,garch
LASSO-TE,0.075046904315197,0.6060606060606061,0.04,0.050505050505050504,0.0033333333333333335,100,60,7,0.6,garch
OLS-TE,0.14913657770800628,0.1227390180878553,0.19,0.050505050505050504,0.07818181818181819,100,60,7,0.6,garch
LASSO-TE,0.02702702702702703,0.3888888888888889,0.014,0.050505050505050504,0.0018181818181818182,100,60,8,0.6,garch
OLS-TE,0.14241960183767227,0.11538461538461539,0.186,0.050505050505050504,0.08141414141414141,100,60,8,0.6,garch
LASSO-TE,0.02697495183044316,0.3684210526315789,0.014,0.050505050505050504,0.0019191919191919192,100,60,9,0.6,garch
OLS-TE,0.13953488372093023,0.11931818181818182,0.168,0.050505050505050504,0.07111111111111111,100,60,9,0.6,garch
LASSO-TE,0.12222222222222222,0.825,0.066,0.050505050505050504,0.00404040404040404,100,120,0,1.2,garch
OLS-TE,0.2039972432804962,0.15562565720294427,0.296,0.050505050505050504,0.09606060606060605,100,120,0,1.2,garch
LASSO-TE,0.10018552875695733,0.6923076923076923,0.054,0.050505050505050504,0.00393939393939394,100,120,1,1.2,garch
OLS-TE,0.22593068035943517,0.166351606805293,0.352,0.050505050505050504,0.10686868686868686,100,120,1,1.2,garch
LASSO-TE,0.12154696132596685,0.7674418604651163,0.066,0.050505050505050504,0.004343434343434344,100,120,2,1.2,garch
OLS-TE,0.19304152637485972,0.13416536661466458,0.344,0.050505050505050504,0.1294949494949495,100,120,2,1.2,garch
LASSO-TE,0.12222222222222222,0.825,0.066,0.050505050505050504,0.00404040404040404,100,120,3,1.2,garch
OLS-TE,0.2091346153846154,0.14948453608247422,0.348,0.050505050505050504,0.11757575757575757,100,120,3,1.2,garch
LASSO-TE,0.13978494623655913,0.6724137931034483,0.078,0.050505050505050504,0.005858585858585859,100,120,4,1.2,garch
OLS-TE,0.1906779661016949,0.12968299711815562,0.36,0.050505050505050504,0.1402020202020202,100,120,4,1.2,garch
LASSO-TE,0.12087912087912088,0.717391304347826,0.066,0.050505050505050504,0.004646464646464647,100,120,5,1.2,garch
OLS-TE,0.2286096256684492,0.1716867469879518,0.342,0.050505050505050504,0.1006060606060606,100,120,5,1.2,garch
LASSO-TE,0.061068702290076333,0.6666666666666666,0.032,0.050505050505050504,0.0024242424242424242,100,120,6,1.2,garch
OLS-TE,0.19770408163265307,0.1451310861423221,0.31,0.050505050505050504,0.10787878787878788,100,120,6,1.2,garch
LASSO-TE,0.07169811320754717,0.6333333333333333,0.038,0.050505050505050504,0.0030303030303030303,100,120,7,1.2,garch
OLS-TE,0.20666213460231136,0.15653964984552007,0.304,0.050505050505050504,0.09808080808080807,100,120,7,1.2,garch
LASSO-TE,0.07633587786259542,0.8333333333333334,0.04,0.050505050505050504,0.0024242424242424242,100,120,8,1.2,garch
OLS-TE,0.1990257480862909,0.1526147278548559,0.286,0.050505050505050504,0.09464646464646465,100,120,8,1.2,garch
LASSO-TE,0.12915129151291513,0.8333333333333334,0.07,0.050505050505050504,0.004242424242424243,100,120,9,1.2,garch
OLS-TE,0.21328224776500637,0.15666041275797374,0.334,0.050505050505050504,0.10767676767676768,100,120,9,1.2,garch
LASSO-TE,0.29541595925297115,0.9775280898876404,0.174,0.050505050505050504,0.00898989898989899,100,250,0,2.5,garch
OLS-TE,0.21483146067415732,0.13855072463768117,0.478,0.050505050505050504,0.17424242424242425,100,250,0,2.5,garch
LASSO-TE,0.24870466321243523,0.9113924050632911,0.144,0.050505050505050504,0.00797979797979798,100,250,1,2.5,garch
OLS-TE,0.24512256128064033,0.16344229486324216,0.49,0.050505050505050504,0.15141414141414142,100,250,1,2.5,garch
LASSO-TE,0.31438127090301005,0.9591836734693877,0.188,0.050505050505050504,0.009898989898989899,100,250,2,2.5,garch
OLS-TE,0.21037735849056605,0.13765432098765432,0.446,0.050505050505050504,0.16363636363636364,100,250,2,2.5,garch
LASSO-TE,0.24738675958188153,0.9594594594594594,0.142,0.050505050505050504,0.007474747474747475,100,250,3,2.5,garch
OLS-TE,0.21727019498607242,0.1414752116082225,0.468,0.050505050505050504,0.16707070707070706,100,250,3,2.5,garch
LASSO-TE,0.3305785123966942,0.9523809523809523,0.2,0.050505050505050504,0.010606060606060607,100,250,4,2.5,garch
OLS-TE,0.2152777777777778,0.13747228381374724,0.496,0.050505050505050504,0.18222222222222223,100,250,4,2.5,garch
LASSO-TE,0.32558139534883723,0.9607843137254902,0.196,0.050505050505050504,0.010303030303030303,100,250,5,2.5,garch
OLS-TE,0.21305841924398625,0.13566739606126915,0.496,0.050505050505050504,0.18464646464646464,100,250,5,2.5,garch
LASSO-TE,0.2512908777969019,0.9012345679012346,0.146,0.050505050505050504,0.008181818181818182,100,250,6,2.5,garch
OLS-TE,0.22814814814814816,0.15147540983606558,0.462,0.050505050505050504,0.15404040404040403,100,250,6,2.5,garch
LASSO-TE,0.2611683848797251,0.926829268292683,0.152,0.050505050505050504,0.008282828282828282,100,250,7,2.5,garch
OLS-TE,0.21473889702293802,0.14202711426726922,0.44,0.050505050505050504,0.15646464646464647,100,250,7,2.5,garch
LASSO-TE,0.2452504317789292,0.8987341772151899,0.142,0.050505050505050504,0.00797979797979798,100,250,8,2.5,garch
OLS-TE,0.23407407407407407,0.15540983606557376,0.474,0.050505050505050504,0.15404040404040403,100,250,8,2.5,garch
LASSO-TE,0.3149078726968174,0.9690721649484536,0.188,0.050505050505050504,0.009797979797979799,100,250,9,2.5,garch
OLS-TE,0.20912715994683206,0.13431986340352875,0.472,0.050505050505050504,0.17747474747474748,100,250,9,2.5,garch
LASSO-TE,0.5658263305322129,0.9439252336448598,0.404,0.050505050505050504,0.021616161616161617,100,500,0,5.0,garch
OLS-TE,0.17364939360529216,0.10070332480818414,0.63,0.050505050505050504,0.31595959595959594,100,500,0,5.0,garch
LASSO-TE,0.5404624277456648,0.9739583333333334,0.374,0.050505050505050504,0.019393939393939394,100,500,1,5.0,garch
OLS-TE,0.21943348870562926,0.13368283093053734,0.612,0.050505050505050504,0.2312121212121212,100,500,1,5.0,garch
LASSO-TE,0.5180897250361794,0.93717277486911,0.358,0.050505050505050504,0.019292929292929292,100,500,2,5.0,garch
OLS-TE,0.17732637935767226,0.10276805599745466,0.646,0.050505050505050504,0.31747474747474747,100,500,2,5.0,garch
LASSO-TE,0.5449358059914408,0.9502487562189055,0.382,0.050505050505050504,0.020303030303030302,100,500,3,5.0,garch
OLS-TE,0.2072101331601169,0.12369135323768903,0.638,0.050505050505050504,0.2605050505050505,100,500,3,5.0,garch
LASSO-TE,0.5258620689655172,0.9336734693877551,0.366,0.050505050505050504,0.019797979797979797,100,500,4,5.0,garch
OLS-TE,0.19256756756756757,0.11585365853658537,0.57,0.050505050505050504,0.24848484848484848,100,500,4,5.0,garch
LASSO-TE,0.5778961384820239,0.8645418326693227,0.434,0.050505050505050504,0.025353535353535354,100,500,5,5.0,garch
OLS-TE,0.1361833406787131,0.07652303120356613,0.618,0.050505050505050504,0.4078787878787879,100,500,5,5.0,garch
LASSO-TE,0.5636856368563685,0.8739495798319328,0.416,0.050505050505050504,0.02404040404040404,100,500,6,5.0,garch
OLS-TE,0.16839741790625878,0.0979431929480901,0.6,0.050505050505050504,0.3093939393939394,100,500,6,5.0,garch
LASSO-TE,0.5614525139664804,0.9305555555555556,0.402,0.050505050505050504,0.02181818181818182,100,500,7,5.0,garch
OLS-TE,0.16282894736842105,0.09434561626429479,0.594,0.050505050505050504,0.317979797979798,100,500,7,5.0,garch
LASSO-TE,0.5836791147994468,0.9461883408071748,0.422,0.050505050505050504,0.022525252525252525,100,500,8,5.0,garch
OLS-TE,0.156790770844258,0.09022329511164756,0.598,0.050505050505050504,0.33474747474747474,100,500,8,5.0,garch
LASSO-TE,0.520891364902507,0.8577981651376146,0.374,0.050505050505050504,0.02202020202020202,100,500,9,5.0,garch
OLS-TE,0.12481675392670157,0.06970760233918129,0.596,0.050505050505050504,0.4318181818181818,100,500,9,5.0,garch
LASSO-TE,0.038461538461538464,0.14285714285714285,0.022222222222222223,0.05172413793103448,0.008045977011494253,30,60,0,2.0,garch_factor
OLS-TE,0.06837606837606838,0.05555555555555555,0.08888888888888889,0.05172413793103448,0.08275862068965517,30,60,0,2.0,garch_factor
LASSO-TE,0.1111111111111111,0.3333333333333333,0.06666666666666667,0.05172413793103448,0.010344827586206896,30,60,1,2.0,garch_factor
OLS-TE,0.17307692307692307,0.15254237288135594,0.2,0.05172413793103448,0.067816091954023,30,60,1,2.0,garch_factor
LASSO-TE,0.07547169811320754,0.25,0.044444444444444446,0.05172413793103448,0.009195402298850575,30,60,2,2.0,garch_factor
OLS-TE,0.19801980198019803,0.17857142857142858,0.2222222222222222,0.05172413793103448,0.06436781609195402,30,60,2,2.0,garch_factor
LASSO-TE,0.12903225806451613,0.23529411764705882,0.08888888888888889,0.05172413793103448,0.01954022988505747,30,60,3,2.0,garch_factor
OLS-TE,0.17857142857142858,0.14925373134328357,0.2222222222222222,0.05172413793103448,0.07701149425287357,30,60,3,2.0,garch_factor
LASSO-TE,0.11320754716981132,0.375,0.06666666666666667,0.05172413793103448,0.009195402298850575,30,60,4,2.0,garch_factor
OLS-TE,0.17307692307692307,0.15254237288135594,0.2,0.05172413793103448,0.067816091954023,30,60,4,2.0,garch_factor
LASSO-TE,0.04,0.2,0.022222222222222223,0.05172413793103448,0.005747126436781609,30,60,5,2.0,garch_factor
OLS-TE,0.08403361344537816,0.06756756756756757,0.1111111111111111,0.05172413793103448,0.08505747126436781,30,60,5,2.0,garch_factor
LASSO-TE,0.17543859649122806,0.4166666666666667,0.1111111111111111,0.05172413793103448,0.013793103448275862,30,60,6,2.0,garch_factor
OLS-TE,0.18691588785046728,0.16129032258064516,0.2222222222222222,0.05172413793103448,0.07126436781609195,30,60,6,2.0,garch_factor
LASSO-TE,0.0,0.0,0.0,0.05172413793103448,0.017241379310344827,30,60,7,2.0,garch_factor
OLS-TE,0.17094017094017094,0.1388888888888889,0.2222222222222222,0.05172413793103448,0.08275862068965517,30,60,7,2.0,garch_factor
LASSO-TE,0.08163265306122448,0.5,0.044444444444444446,0.05172413793103448,0.004597701149425287,30,60,8,2.0,garch_factor
OLS-TE,0.1941747572815534,0.1724137931034483,0.2222222222222222,0.05172413793103448,0.06666666666666667,30,60,8,2.0,garch_factor
LASSO-TE,0.15384615384615385,0.5714285714285714,0.08888888888888889,0.05172413793103448,0.008045977011494253,30,60,9,2.0,garch_factor
OLS-TE,0.16326530612244897,0.1509433962264151,0.17777777777777778,0.05172413793103448,0.06091954022988506,30,60,9,2.0,garch_factor
LASSO-TE,0.23076923076923078,0.8571428571428571,0.13333333333333333,0.05172413793103448,0.008045977011494253,30,120,0,4.0,garch_factor
OLS-TE,0.26785714285714285,0.22388059701492538,0.3333333333333333,0.05172413793103448,0.07701149425287357,30,120,0,4.0,garch_factor
LASSO-TE,0.29508196721311475,0.5625,0.2,0.05172413793103448,0.01839080459770115,30,120,1,4.0,garch_factor
OLS-TE,0.2542372881355932,0.2054794520547945,0.3333333333333333,0.05172413793103448,0.0839080459770115,30,120,1,4.0,garch_factor
LASSO-TE,0.07547169811320754,0.25,0.044444444444444446,0.05172413793103448,0.009195402298850575,30,120,2,4.0,garch_factor
OLS-TE,0.183206106870229,0.13953488372093023,0.26666666666666666,0.05172413793103448,0.09885057471264368,30,120,2,4.0,garch_factor
LASSO-TE,0.1509433962264151,0.5,0.08888888888888889,0.05172413793103448,0.009195402298850575,30,120,3,4.0,garch_factor
OLS-TE,0.22807017543859648,0.18840579710144928,0.28888888888888886,0.05172413793103448,0.07931034482758621,30,120,3,4.0,garch_factor
LASSO-TE,0.21428571428571427,0.5454545454545454,0.13333333333333333,0.05172413793103448,0.01264367816091954,30,120,4,4.0,garch_factor
OLS-TE,0.22916666666666666,0.21568627450980393,0.24444444444444444,0.05172413793103448,0.05862068965517241,30,120,4,4.0,garch_factor
LASSO-TE,0.1509433962264151,0.5,0.08888888888888889,0.05172413793103448,0.009195402298850575,30,120,5,4.0,garch_factor
OLS-TE,0.25688073394495414,0.21875,0.3111111111111111,0.05172413793103448,0.0735632183908046,30,120,5,4.0,garch_factor
LASSO-TE,0.3125,0.5263157894736842,0.2222222222222222,0.05172413793103448,0.021839080459770115,30,120,6,4.0,garch_factor
OLS-TE,0.2706766917293233,0.20454545454545456,0.4,0.05172413793103448,0.10114942528735632,30,120,6,4.0,garch_factor
LASSO-TE,0.037037037037037035,0.1111111111111111,0.022222222222222223,0.05172413793103448,0.010344827586206896,30,120,7,4.0,garch_factor
OLS-TE,0.18705035971223022,0.13829787234042554,0.28888888888888886,0.05172413793103448,0.10804597701149425,30,120,7,4.0,garch_factor
LASSO-TE,0.46153846153846156,0.75,0.3333333333333333,0.05172413793103448,0.022988505747126436,30,120,8,4.0,garch_factor
OLS-TE,0.28378378378378377,0.20388349514563106,0.4666666666666667,0.05172413793103448,0.11839080459770115,30,120,8,4.0,garch_factor
LASSO-TE,0.23076923076923078,0.8571428571428571,0.13333333333333333,0.05172413793103448,0.008045977011494253,30,120,9,4.0,garch_factor
OLS-TE,0.26666666666666666,0.2,0.4,0.05172413793103448,0.10344827586206896,30,120,9,4.0,garch_factor
LASSO-TE,0.23728813559322035,0.5,0.15555555555555556,0.05172413793103448,0.016091954022988506,30,250,0,8.333333333333334,garch_factor
OLS-TE,0.24060150375939848,0.18181818181818182,0.35555555555555557,0.05172413793103448,0.10114942528735632,30,250,0,8.333333333333334,garch_factor
LASSO-TE,0.3333333333333333,0.4444444444444444,0.26666666666666666,0.05172413793103448,0.03103448275862069,30,250,1,8.333333333333334,garch_factor
OLS-TE,0.2839506172839506,0.19658119658119658,0.5111111111111111,0.05172413793103448,0.13448275862068965,30,250,1,8.333333333333334,garch_factor
LASSO-TE,0.34285714285714286,0.48,0.26666666666666666,0.05172413793103448,0.028735632183908046,30,250,2,8.333333333333334,garch_factor
OLS-TE,0.2658959537572254,0.1796875,0.5111111111111111,0.05172413793103448,0.1471264367816092,30,250,2,8.333333333333334,garch_factor
LASSO-TE,0.34375,0.5789473684210527,0.24444444444444444,0.05172413793103448,0.021839080459770115,30,250,3,8.333333333333334,garch_factor
OLS-TE,0.23076923076923078,0.16216216216216217,0.4,0.05172413793103448,0.12758620689655173,30,250,3,8.333333333333334,garch_factor
LASSO-TE,0.4383561643835616,0.5714285714285714,0.35555555555555557,0.05172413793103448,0.03218390804597701,30,250,4,8.333333333333334,garch_factor
OLS-TE,0.24043715846994534,0.15942028985507245,0.4888888888888889,0.05172413793103448,0.15862068965517243,30,250,4,8.333333333333334,garch_factor
LASSO-TE,0.29508196721311475,0.5625,0.2,0.05172413793103448,0.01839080459770115,30,250,5,8.333333333333334,garch_factor
OLS-TE,0.2112676056338028,0.15463917525773196,0.3333333333333333,0.05172413793103448,0.11149425287356322,30,250,5,8.333333333333334,garch_factor
LASSO-TE,0.3870967741935484,0.7058823529411765,0.26666666666666666,0.05172413793103448,0.01954022988505747,30,250,6,8.333333333333334,garch_factor
OLS-TE,0.2962962962962963,0.20512820512820512,0.5333333333333333,0.05172413793103448,0.13448275862068965,30,250,6,8.333333333333334,garch_factor
LASSO-TE,0.38095238095238093,0.6666666666666666,0.26666666666666666,0.05172413793103448,0.020689655172413793,30,250,7,8.333333333333334,garch_factor
OLS-TE,0.24277456647398843,0.1640625,0.4666666666666667,0.05172413793103448,0.1471264367816092,30,250,7,8.333333333333334,garch_factor
LASSO-TE,0.4507042253521127,0.6153846153846154,0.35555555555555557,0.05172413793103448,0.029885057471264367,30,250,8,8.333333333333334,garch_factor
OLS-TE,0.2543352601156069,0.171875,0.4888888888888889,0.05172413793103448,0.1471264367816092,30,250,8,8.333333333333334,garch_factor
LASSO-TE,0.5074626865671642,0.7727272727272727,0.37777777777777777,0.05172413793103448,0.02528735632183908,30,250,9,8.333333333333334,garch_factor
OLS-TE,0.2706766917293233,0.20454545454545456,0.4,0.05172413793103448,0.10114942528735632,30,250,9,8.333333333333334,garch_factor
LASSO-TE,0.5185185185185185,0.5833333333333334,0.4666666666666667,0.05172413793103448,0.041379310344827586,30,500,0,16.666666666666668,garch_factor
OLS-TE,0.27522935779816515,0.17341040462427745,0.6666666666666666,0.05172413793103448,0.19885057471264367,30,500,0,16.666666666666668,garch_factor
LASSO-TE,0.5135135135135135,0.6551724137931034,0.4222222222222222,0.05172413793103448,0.03333333333333333,30,500,1,16.666666666666668,garch_factor
OLS-TE,0.22707423580786026,0.14130434782608695,0.5777777777777777,0.05172413793103448,0.21149425287356322,30,500,1,16.666666666666668,garch_factor
LASSO-TE,0.410958904109589,0.5357142857142857,0.3333333333333333,0.05172413793103448,0.03218390804597701,30,500,2,16.666666666666668,garch_factor
OLS-TE,0.2318840579710145,0.14814814814814814,0.5333333333333333,0.05172413793103448,0.18620689655172415,30,500,2,16.666666666666668,garch_factor
LASSO-TE,0.5074626865671642,0.7727272727272727,0.37777777777777777,0.05172413793103448,0.02528735632183908,30,500,3,16.666666666666668,garch_factor
OLS-TE,0.3287671232876712,0.2376237623762376,0.5333333333333333,0.05172413793103448,0.11609195402298851,30,500,3,16.666666666666668,garch_factor
LASSO-TE,0.5070422535211268,0.6923076923076923,0.4,0.05172413793103448,0.029885057471264367,30,500,4,16.666666666666668,garch_factor
OLS-TE,0.3,0.20869565217391303,0.5333333333333333,0.05172413793103448,0.13218390804597702,30,500,4,16.666666666666668,garch_factor
LASSO-TE,0.5454545454545454,0.65625,0.4666666666666667,0.05172413793103448,0.0367816091954023,30,500,5,16.666666666666668,garch_factor
OLS-TE,0.3181818181818182,0.21374045801526717,0.6222222222222222,0.05172413793103448,0.15057471264367817,30,500,5,16.666666666666668,garch_factor
LASSO-TE,0.4090909090909091,0.4186046511627907,0.4,0.05172413793103448,0.04942528735632184,30,500,6,16.666666666666668,garch_factor
OLS-TE,0.2,0.11914893617021277,0.6222222222222222,0.05172413793103448,0.27011494252873564,30,500,6,16.666666666666668,garch_factor
LASSO-TE,0.5365853658536586,0.5945945945945946,0.4888888888888889,0.05172413793103448,0.04252873563218391,30,500,7,16.666666666666668,garch_factor
OLS-TE,0.24074074074074073,0.15204678362573099,0.5777777777777777,0.05172413793103448,0.19655172413793104,30,500,7,16.666666666666668,garch_factor
LASSO-TE,0.6027397260273972,0.7857142857142857,0.4888888888888889,0.05172413793103448,0.03218390804597701,30,500,8,16.666666666666668,garch_factor
OLS-TE,0.28019323671497587,0.17901234567901234,0.6444444444444445,0.05172413793103448,0.18620689655172415,30,500,8,16.666666666666668,garch_factor
LASSO-TE,0.5897435897435898,0.696969696969697,0.5111111111111111,0.05172413793103448,0.03793103448275862,30,500,9,16.666666666666668,garch_factor
OLS-TE,0.2857142857142857,0.18181818181818182,0.6666666666666666,0.05172413793103448,0.1896551724137931,30,500,9,16.666666666666668,garch_factor
LASSO-TE,0.039735099337748346,0.11538461538461539,0.024,0.05102040816326531,0.010612244897959184,50,60,0,1.2,garch_factor
OLS-TE,0.15120274914089346,0.13253012048192772,0.176,0.05102040816326531,0.06775510204081632,50,60,0,1.2,garch_factor
LASSO-TE,0.03208556149732621,0.04838709677419355,0.024,0.05102040816326531,0.025306122448979593,50,60,1,1.2,garch_factor
OLS-TE,0.15017064846416384,0.13095238095238096,0.176,0.05102040816326531,0.06857142857142857,50,60,1,1.2,garch_factor
LASSO-TE,0.05714285714285714,0.26666666666666666,0.032,0.05102040816326531,0.006122448979591836,50,60,2,1.2,garch_factor
OLS-TE,0.11764705882352941,0.10365853658536585,0.136,0.05102040816326531,0.06693877551020408,50,60,2,1.2,garch_factor
LASSO-TE,0.07441860465116279,0.08888888888888889,0.064,0.05102040816326531,0.036734693877551024,50,60,3,1.2,garch_factor
OLS-TE,0.1813031161473088,0.14035087719298245,0.256,0.05102040816326531,0.09306122448979592,50,60,3,1.2,garch_factor
LASSO-TE,0.06666666666666667,0.2,0.04,0.05102040816326531,0.01020408163265306,50,60,4,1.2,garch_factor
OLS-TE,0.16022099447513813,0.12236286919831224,0.232,0.05102040816326531,0.09673469387755101,50,60,4,1.2,garch_factor
LASSO-TE,0.04807692307692308,0.060240963855421686,0.04,0.05102040816326531,0.03387755102040816,50,60,5,1.2,garch_factor
OLS-TE,0.12987012987012986,0.1092896174863388,0.16,0.05102040816326531,0.0746938775510204,50,60,5,1.2,garch_factor
LASSO-TE,0.11049723756906077,0.17857142857142858,0.08,0.05102040816326531,0.022857142857142857,50,60,6,1.2,garch_factor
OLS-TE,0.18064516129032257,0.15135135135135136,0.224,0.05102040816326531,0.07551020408163266,50,60,6,1.2,garch_factor
LASSO-TE,0.050314465408805034,0.11764705882352941,0.032,0.05102040816326531,0.013877551020408163,50,60,7,1.2,garch_factor
OLS-TE,0.17804154302670624,0.14150943396226415,0.24,0.05102040816326531,0.08653061224489796,50,60,7,1.2,garch_factor
LASSO-TE,0.07042253521126761,0.29411764705882354,0.04,0.05102040816326531,0.0069387755102040816,50,60,8,1.2,garch_factor
OLS-TE,0.11764705882352941,0.10365853658536585,0.136,0.05102040816326531,0.06693877551020408,50,60,8,1.2,garch_factor
LASSO-TE,0.056338028169014086,0.23529411764705882,0.032,0.05102040816326531,0.0069387755102040816,50,60,9,1.2,garch_factor
OLS-TE,0.1267605633802817,0.11320754716981132,0.144,0.05102040816326531,0.06489795918367347,50,60,9,1.2,garch_factor
LASSO-TE,0.14965986394557823,0.5,0.088,0.05102040816326531,0.008979591836734694,50,120,0,2.4,garch_factor
OLS-TE,0.1853932584269663,0.14285714285714285,0.264,0.05102040816326531,0.09428571428571429,50,120,0,2.4,garch_factor
LASSO-TE,0.1456953642384106,0.4230769230769231,0.088,0.05102040816326531,0.010612244897959184,50,120,1,2.4,garch_factor
OLS-TE,0.20095693779904306,0.14334470989761092,0.336,0.05102040816326531,0.11959183673469388,50,120,1,2.4,garch_factor
LASSO-TE,0.20270270270270271,0.6521739130434783,0.12,0.05102040816326531,0.009387755102040816,50,120,2,2.4,garch_factor
OLS-TE,0.2554347826086957,0.1934156378600823,0.376,0.05102040816326531,0.09918367346938775,50,120,2,2.4,garch_factor
LASSO-TE,0.1111111111111111,0.42105263157894735,0.064,0.05102040816326531,0.007755102040816327,50,120,3,2.4,garch_factor
OLS-TE,0.19937694704049844,0.16326530612244897,0.256,0.05102040816326531,0.08,50,120,3,2.4,garch_factor
LASSO-TE,0.11188811188811189,0.4444444444444444,0.064,0.05102040816326531,0.007346938775510204,50,120,4,2.4,garch_factor
OLS-TE,0.24788732394366197,0.19130434782608696,0.352,0.05102040816326531,0.09387755102040816,50,120,4,2.4,garch_factor
LASSO-TE,0.2727272727272727,0.7241379310344828,0.168,0.05102040816326531,0.01183673469387755,50,120,5,2.4,garch_factor
OLS-TE,0.24293785310734464,0.18777292576419213,0.344,0.05102040816326531,0.09346938775510204,50,120,5,2.4,garch_factor
LASSO-TE,0.20134228187919462,0.625,0.12,0.05102040816326531,0.009795918367346938,50,120,6,2.4,garch_factor
OLS-TE,0.19302949061662197,0.14516129032258066,0.288,0.05102040816326531,0.10122448979591837,50,120,6,2.4,garch_factor
LASSO-TE,0.19736842105263158,0.5555555555555556,0.12,0.05102040816326531,0.011020408163265306,50,120,7,2.4,garch_factor
OLS-TE,0.19909502262443438,0.138801261829653,0.352,0.05102040816326531,0.1293877551020408,50,120,7,2.4,garch_factor
LASSO-TE,0.2206896551724138,0.8,0.128,0.05102040816326531,0.00816326530612245,50,120,8,2.4,garch_factor
OLS-TE,0.2471264367816092,0.19282511210762332,0.344,0.05102040816326531,0.0910204081632653,50,120,8,2.4,garch_factor
LASSO-TE,0.16901408450704225,0.7058823529411765,0.096,0.05102040816326531,0.0069387755102040816,50,120,9,2.4,garch_factor
OLS-TE,0.1636828644501279,0.12030075187969924,0.256,0.05102040816326531,0.10857142857142857,50,120,9,2.4,garch_factor
LASSO-TE,0.38323353293413176,0.7619047619047619,0.256,0.05102040816326531,0.017142857142857144,50,250,0,5.0,garch_factor
OLS-TE,0.21224489795918366,0.14246575342465753,0.416,0.05102040816326531,0.1489795918367347,50,250,0,5.0,garch_factor
LASSO-TE,0.3375,0.7714285714285715,0.216,0.05102040816326531,0.014285714285714285,50,250,1,5.0,garch_factor
OLS-TE,0.2641509433962264,0.18729096989966554,0.448,0.05102040816326531,0.12204081632653062,50,250,1,5.0,garch_factor
LASSO-TE,0.3125,0.7142857142857143,0.2,0.05102040816326531,0.014285714285714285,50,250,2,5.0,garch_factor
OLS-TE,0.26582278481012656,0.18051575931232092,0.504,0.05102040816326531,0.14244897959183672,50,250,2,5.0,garch_factor
LASSO-TE,0.4093567251461988,0.7608695652173914,0.28,0.05102040816326531,0.018775510204081632,50,250,3,5.0,garch_factor
OLS-TE,0.22423146473779385,0.14485981308411214,0.496,0.05102040816326531,0.17469387755102042,50,250,3,5.0,garch_factor
LASSO-TE,0.3,0.6857142857142857,0.192,0.05102040816326531,0.014285714285714285,50,250,4,5.0,garch_factor
OLS-TE,0.2661290322580645,0.1778975741239892,0.528,0.05102040816326531,0.15142857142857144,50,250,4,5.0,garch_factor
LASSO-TE,0.3493975903614458,0.7073170731707317,0.232,0.05102040816326531,0.01673469387755102,50,250,5,5.0,garch_factor
OLS-TE,0.33766233766233766,0.25,0.52,0.05102040816326531,0.10612244897959183,50,250,5,5.0,garch_factor
LASSO-TE,0.3670886075949367,0.8787878787878788,0.232,0.05102040816326531,0.013469387755102041,50,250,6,5.0,garch_factor
OLS-TE,0.30288461538461536,0.21649484536082475,0.504,0.05102040816326531,0.11877551020408163,50,250,6,5.0,garch_factor
LASSO-TE,0.42168674698795183,0.8536585365853658,0.28,0.05102040816326531,0.01673469387755102,50,250,7,5.0,garch_factor
OLS-TE,0.2905263157894737,0.19714285714285715,0.552,0.05102040816326531,0.14285714285714285,50,250,7,5.0,garch_factor
LASSO-TE,0.2911392405063291,0.696969696969697,0.184,0.05102040816326531,0.013469387755102041,50,250,8,5.0,garch_factor
OLS-TE,0.3034825870646766,0.22021660649819494,0.488,0.05102040816326531,0.11306122448979591,50,250,8,5.0,garch_factor
LASSO-TE,0.43023255813953487,0.7872340425531915,0.296,0.05102040816326531,0.019183673469387756,50,250,9,5.0,garch_factor
OLS-TE,0.27450980392156865,0.18862275449101795,0.504,0.05102040816326531,0.1363265306122449,50,250,9,5.0,garch_factor
LASSO-TE,0.6137566137566137,0.90625,0.464,0.05102040816326531,0.026122448979591838,50,500,0,10.0,garch_factor
OLS-TE,0.19768934531450577,0.11773700305810397,0.616,0.05102040816326531,0.26693877551020406,50,500,0,10.0,garch_factor
LASSO-TE,0.5550239234449761,0.6904761904761905,0.464,0.05102040816326531,0.03428571428571429,50,500,1,10.0,garch_factor
OLS-TE,0.17713004484304934,0.10299869621903521,0.632,0.05102040816326531,0.3130612244897959,50,500,1,10.0,garch_factor
LASSO-TE,0.5668449197860963,0.8548387096774194,0.424,0.05102040816326531,0.025306122448979593,50,500,2,10.0,garch_factor
OLS-TE,0.19430051813471502,0.11591962905718702,0.6,0.05102040816326531,0.2640816326530612,50,500,2,10.0,garch_factor
LASSO-TE,0.5306122448979592,0.7323943661971831,0.416,0.05102040816326531,0.028979591836734694,50,500,3,10.0,garch_factor
OLS-TE,0.20933521923620935,0.12714776632302405,0.592,0.05102040816326531,0.23755102040816325,50,500,3,10.0,garch_factor
LASSO-TE,0.6231155778894473,0.8378378378378378,0.496,0.05102040816326531,0.030204081632653063,50,500,4,10.0,garch_factor
OLS-TE,0.19732034104750304,0.11637931034482758,0.648,0.05102040816326531,0.28408163265306124,50,500,4,10.0,garch_factor
LASSO-TE,0.45555555555555555,0.7454545454545455,0.328,0.05102040816326531,0.022448979591836733,50,500,5,10.0,garch_factor
OLS-TE,0.20678513731825526,0.12955465587044535,0.512,0.05102040816326531,0.2016326530612245,50,500,5,10.0,garch_factor
LASSO-TE,0.5177664974619289,0.7083333333333334,0.408,0.05102040816326531,0.029387755102040815,50,500,6,10.0,garch_factor
OLS-TE,0.21568627450980393,0.1307300509337861,0.616,0.05102040816326531,0.24040816326530612,50,500,6,10.0,garch_factor
LASSO-TE,0.6145833333333334,0.8805970149253731,0.472,0.05102040816326531,0.027346938775510202,50,500,7,10.0,garch_factor
OLS-TE,0.26838235294117646,0.17422434367541767,0.584,0.05102040816326531,0.1710204081632653,50,500,7,10.0,garch_factor
LASSO-TE,0.5841584158415841,0.7662337662337663,0.472,0.05102040816326531,0.03142857142857143,50,500,8,10.0,garch_factor
OLS-TE,0.2270861833105335,0.13696369636963696,0.664,0.05102040816326531,0.2473469387755102,50,500,8,10.0,garch_factor
LASSO-TE,0.4685714285714286,0.82,0.328,0.05102040816326531,0.02040816326530612,50,500,9,10.0,garch_factor
OLS-TE,0.2114047287899861,0.12794612794612795,0.608,0.05102040816326531,0.24244897959183673,50,500,9,10.0,garch_factor
LASSO-TE,0.030592734225621414,0.34782608695652173,0.016,0.050505050505050504,0.0023232323232323234,100,60,0,0.6,garch_factor
OLS-TE,0.14562354763749033,0.11883691529709228,0.188,0.050505050505050504,0.0798989898989899,100,60,0,0.6,garch_factor
LASSO-TE,0.074487895716946,0.5405405405405406,0.04,0.050505050505050504,0.0037373737373737376,100,60,1,0.6,garch_factor
OLS-TE,0.16718266253869968,0.13636363636363635,0.216,0.050505050505050504,0.08,100,60,1,0.6,garch_factor
LASSO-TE,0.04206500956022945,0.4782608695652174,0.022,0.050505050505050504,0.0023232323232323234,100,60,2,0.6,garch_factor
OLS-TE,0.1290824261275272,0.10559796437659033,0.166,0.050505050505050504,0.07939393939393939,100,60,2,0.6,garch_factor
LASSO-TE,0.01937984496124031,0.3125,0.01,0.050505050505050504,0.0016161616161616162,100,60,3,0.6,garch_factor
OLS-TE,0.14401294498381878,0.12092391304347826,0.178,0.050505050505050504,0.07434343434343435,100,60,3,0.6,garch_factor
LASSO-TE,0.03468208092485549,0.47368421052631576,0.018,0.050505050505050504,0.0019191919191919192,100,60,4,0.6,garch_factor
OLS-TE,0.1287820015515904,0.10519645120405577,0.166,0.050505050505050504,0.0796969696969697,100,60,4,0.6,garch_factor
LASSO-TE,0.07102803738317758,0.5428571428571428,0.038,0.050505050505050504,0.0035353535353535356,100,60,5,0.6,garch_factor
OLS-TE,0.13602391629297458,0.10859188544152745,0.182,0.050505050505050504,0.08464646464646465,100,60,5,0.6,garch_factor
LASSO-TE,0.02681992337164751,0.3181818181818182,0.014,0.050505050505050504,0.0022222222222222222,100,60,6,0.6,garch_factor
OLS-TE,0.12550937245313773,0.10591471801925723,0.154,0.050505050505050504,0.07343434343434344,100,60,6,0.6,garch_factor
LASSO-TE,0.056925996204933584,0.5555555555555556,0.03,0.050505050505050504,0.0027272727272727275,100,60,7,0.6,garch_factor
OLS-TE,0.13039934800325997,0.11004126547455295,0.16,0.050505050505050504,0.07343434343434344,100,60,7,0.6,garch_factor
LASSO-TE,0.01904761904761905,0.2,0.01,0.050505050505050504,0.0025252525252525255,100,60,8,0.6,garch_factor
OLS-TE,0.11887550200803212,0.09932885906040269,0.148,0.050505050505050504,0.07525252525252525,100,60,8,0.6,garch_factor
LASSO-TE,0.015414258188824663,0.21052631578947367,0.008,0.050505050505050504,0.0019191919191919192,100,60,9,0.6,garch_factor
OLS-TE,0.12327656123276562,0.10368349249658936,0.152,0.050505050505050504,0.07404040404040405,100,60,9,0.6,garch_factor
LASSO-TE,0.1213235294117647,0.75,0.066,0.050505050505050504,0.0044444444444444444,100,120,0,1.2,garch_factor
OLS-TE,0.2018348623853211,0.15009746588693956,0.308,0.050505050505050504,0.10363636363636364,100,120,0,1.2,garch_factor
LASSO-TE,0.074487895716946,0.5405405405405406,0.04,0.050505050505050504,0.0037373737373737376,100,120,1,1.2,garch_factor
OLS-TE,0.21100917431192662,0.15692007797270954,0.322,0.050505050505050504,0.10363636363636364,100,120,1,1.2,garch_factor
LASSO-TE,0.1588447653429603,0.8148148148148148,0.088,0.050505050505050504,0.005454545454545455,100,120,2,1.2,garch_factor
OLS-TE,0.17747077577045697,0.12083936324167872,0.334,0.050505050505050504,0.1395959595959596,100,120,2,1.2,garch_factor
LASSO-TE,0.12867647058823528,0.7954545454545454,0.07,0.050505050505050504,0.0044444444444444444,100,120,3,1.2,garch_factor
OLS-TE,0.22074468085106383,0.16533864541832669,0.332,0.050505050505050504,0.10141414141414141,100,120,3,1.2,garch_factor
LASSO-TE,0.12773722627737227,0.7291666666666666,0.07,0.050505050505050504,0.0048484848484848485,100,120,4,1.2,garch_factor
OLS-TE,0.19588202559821927,0.13569776407093292,0.352,0.050505050505050504,0.13101010101010102,100,120,4,1.2,garch_factor
LASSO-TE,0.06985294117647059,0.4318181818181818,0.038,0.050505050505050504,0.0044444444444444444,100,120,5,1.2,garch_factor
OLS-TE,0.20170454545454544,0.15638766519823788,0.284,0.050505050505050504,0.09171717171717171,100,120,5,1.2,garch_factor
LASSO-TE,0.10780669144981413,0.7631578947368421,0.058,0.050505050505050504,0.0038383838383838384,100,120,6,1.2,garch_factor
OLS-TE,0.19651567944250872,0.15080213903743314,0.282,0.050505050505050504,0.09444444444444444,100,120,6,1.2,garch_factor
LASSO-TE,0.09380863039399624,0.7575757575757576,0.05,0.050505050505050504,0.0033333333333333335,100,120,7,1.2,garch_factor
OLS-TE,0.19147540983606556,0.1424390243902439,0.292,0.050505050505050504,0.10353535353535354,100,120,7,1.2,garch_factor
LASSO-TE,0.0708955223880597,0.5277777777777778,0.038,0.050505050505050504,0.0036363636363636364,100,120,8,1.2,garch_factor
OLS-TE,0.1934156378600823,0.14718162839248433,0.282,0.050505050505050504,0.09676767676767677,100,120,8,1.2,garch_factor
LASSO-TE,0.09981515711645102,0.6585365853658537,0.054,0.050505050505050504,0.004141414141414141,100,120,9,1.2,garch_factor
OLS-TE,0.1936785474108944,0.1458966565349544,0.288,0.050505050505050504,0.0996969696969697,100,120,9,1.2,garch_factor
LASSO-TE,0.2525597269624573,0.8604651162790697,0.148,0.050505050505050504,0.008686868686868687,100,250,0,2.5,garch_factor
OLS-TE,0.20852641334569044,0.13570566948130278,0.45,0.050505050505050504,0.16747474747474747,100,250,0,2.5,garch_factor
LASSO-TE,0.2517241379310345,0.9125,0.146,0.050505050505050504,0.00808080808080808,100,250,1,2.5,garch_factor
OLS-TE,0.2300981461286805,0.15817091454272864,0.422,0.050505050505050504,0.13474747474747475,100,250,1,2.5,garch_factor
LASSO-TE,0.33223684210526316,0.9351851851851852,0.202,0.050505050505050504,0.01090909090909091,100,250,2,2.5,garch_factor
OLS-TE,0.24975798644724104,0.16475095785440613,0.516,0.050505050505050504,0.15818181818181817,100,250,2,2.5,garch_factor
LASSO-TE,0.2627986348122867,0.8953488372093024,0.154,0.050505050505050504,0.008686868686868687,100,250,3,2.5,garch_factor
OLS-TE,0.26778711484593837,0.1859922178988327,0.478,0.050505050505050504,0.1297979797979798,100,250,3,2.5,garch_factor
LASSO-TE,0.3250414593698176,0.9514563106796117,0.196,0.050505050505050504,0.010404040404040403,100,250,4,2.5,garch_factor
OLS-TE,0.21224489795918366,0.13333333333333333,0.52,0.050505050505050504,0.19696969696969696,100,250,4,2.5,garch_factor
LASSO-TE,0.34910277324632955,0.9469026548672567,0.214,0.050505050505050504,0.011414141414141415,100,250,5,2.5,garch_factor
OLS-TE,0.21679520137103683,0.13794983642311887,0.506,0.050505050505050504,0.18525252525252525,100,250,5,2.5,garch_factor
LASSO-TE,0.23693379790940766,0.918918918918919,0.136,0.050505050505050504,0.007474747474747475,100,250,6,2.5,garch_factor
OLS-TE,0.23001095290251916,0.1583710407239819,0.42,0.050505050505050504,0.13393939393939394,100,250,6,2.5,garch_factor
LASSO-TE,0.3058823529411765,0.9578947368421052,0.182,0.050505050505050504,0.009595959595959595,100,250,7,2.5,garch_factor
OLS-TE,0.20034995625546806,0.1282194848824188,0.458,0.050505050505050504,0.1804040404040404,100,250,7,2.5,garch_factor
LASSO-TE,0.25597269624573377,0.872093023255814,0.15,0.050505050505050504,0.008686868686868687,100,250,8,2.5,garch_factor
OLS-TE,0.21354383049439135,0.13476664918720505,0.514,0.050505050505050504,0.19262626262626262,100,250,8,2.5,garch_factor
LASSO-TE,0.27702702702702703,0.8913043478260869,0.164,0.050505050505050504,0.009292929292929294,100,250,9,2.5,garch_factor
OLS-TE,0.24060150375939848,0.15724815724815724,0.512,0.050505050505050504,0.16444444444444445,100,250,9,2.5,garch_factor
LASSO-TE,0.5480631276901005,0.9695431472081218,0.382,0.050505050505050504,0.0198989898989899,100,500,0,5.0,garch_factor
OLS-TE,0.1694144400227402,0.09874088800530152,0.596,0.050505050505050504,0.30484848484848487,100,500,0,5.0,garch_factor
LASSO-TE,0.5110132158590308,0.9613259668508287,0.348,0.050505050505050504,0.018282828282828283,100,500,1,5.0,garch_factor
OLS-TE,0.2082758620689655,0.12583333333333332,0.604,0.050505050505050504,0.24242424242424243,100,500,1,5.0,garch_factor
LASSO-TE,0.5102639296187683,0.9560439560439561,0.348,0.050505050505050504,0.018383838383838384,100,500,2,5.0,garch_factor
OLS-TE,0.18958772193800782,0.11158342189160468,0.63,0.050505050505050504,0.28515151515151516,100,500,2,5.0,garch_factor
LASSO-TE,0.46795827123695977,0.9181286549707602,0.314,0.050505050505050504,0.017272727272727273,100,500,3,5.0,garch_factor
OLS-TE,0.1853099730458221,0.11142625607779579,0.55,0.050505050505050504,0.2492929292929293,100,500,3,5.0,garch_factor
LASSO-TE,0.5563480741797432,0.9701492537313433,0.39,0.050505050505050504,0.020303030303030302,100,500,4,5.0,garch_factor
OLS-TE,0.1954355512696882,0.11643048640367676,0.608,0.050505050505050504,0.2637373737373737,100,500,4,5.0,garch_factor
LASSO-TE,0.6196078431372549,0.8943396226415095,0.474,0.050505050505050504,0.026767676767676767,100,500,5,5.0,garch_factor
OLS-TE,0.14441235281048656,0.08122969257685579,0.65,0.050505050505050504,0.40414141414141413,100,500,5,5.0,garch_factor
LASSO-TE,0.5694249649368864,0.9530516431924883,0.406,0.050505050505050504,0.021515151515151515,100,500,6,5.0,garch_factor
OLS-TE,0.1896348645465253,0.1111878453038674,0.644,0.050505050505050504,0.2925252525252525,100,500,6,5.0,garch_factor
LASSO-TE,0.5256975036710719,0.988950276243094,0.358,0.050505050505050504,0.018282828282828283,100,500,7,5.0,garch_factor
OLS-TE,0.19942103570279832,0.11881947106170947,0.62,0.050505050505050504,0.2635353535353535,100,500,7,5.0,garch_factor
LASSO-TE,0.5088757396449705,0.9772727272727273,0.344,0.050505050505050504,0.017777777777777778,100,500,8,5.0,garch_factor
OLS-TE,0.19533333333333333,0.1172,0.586,0.050505050505050504,0.25252525252525254,100,500,8,5.0,garch_factor
LASSO-TE,0.5,0.9148936170212766,0.344,0.050505050505050504,0.01898989898989899,100,500,9,5.0,garch_factor
OLS-TE,0.16395086487841565,0.0937231298366294,0.654,0.050505050505050504,0.3524242424242424,100,500,9,5.0,garch_factor
